assay_chembl_id,ligand_chembl_id,mw_freebase,canonical_smiles,standard_type,standard_value,standard_units,relation,comment,target_chembl_id,SMILES,STEREO,MACROCYCLE,MOLW
CHEMBL1037060,CHEMBL182150,425.48,CN(C)c1nc(N[C@H]2CC[C@@H](NC(=O)c3ccc(F)c(F)c3)CC2)nc2ccccc12,IC50,104.0,nM,=,,CHEMBL1867,CN(C)c1nc(N[C@H]2CC[C@@H](NC(=O)c3ccc(F)c(F)c3)CC2)nc2ccccc12,True,False,425.4853999999999
CHEMBL1037060,CHEMBL565551,371.46,Cc1cnc(N[C@H]2CC[C@@H](NC(=O)c3ccc(F)cc3)CC2)nc1N(C)C,IC50,470.0,nM,=,,CHEMBL1867,Cc1cnc(N[C@H]2CC[C@@H](NC(=O)c3ccc(F)cc3)CC2)nc1N(C)C,True,False,371.46151999999995
CHEMBL1037060,CHEMBL567791,387.92,Cc1cc(N(C)C)nc(N[C@H]2CC[C@@H](NC(=O)c3ccc(Cl)cc3)CC2)n1,IC50,730.0,nM,=,,CHEMBL1867,Cc1cc(N(C)C)nc(N[C@H]2CC[C@@H](NC(=O)c3ccc(Cl)cc3)CC2)n1,True,False,387.91612
CHEMBL1037060,CHEMBL567993,367.5,Cc1cccc(C(=O)N[C@H]2CC[C@@H](Nc3ncc(C)c(N(C)C)n3)CC2)c1,IC50,580.0,nM,=,,CHEMBL1867,Cc1cccc(C(=O)N[C@H]2CC[C@@H](Nc3ncc(C)c(N(C)C)n3)CC2)c1,True,False,367.49817999999993
CHEMBL1037060,CHEMBL568400,422.36,Cc1cc(N(C)C)nc(N[C@H]2CC[C@@H](NC(=O)c3ccc(Cl)c(Cl)c3)CC2)n1,IC50,130.0,nM,=,,CHEMBL1867,Cc1cc(N(C)C)nc(N[C@H]2CC[C@@H](NC(=O)c3ccc(Cl)c(Cl)c3)CC2)n1,True,False,422.36115
CHEMBL1037060,CHEMBL577904,403.48,Cc1cnc(N[C@H]2CC[C@@H](CNC(=O)c3ccc(F)c(F)c3)CC2)nc1N(C)C,IC50,210.0,nM,=,,CHEMBL1867,Cc1cnc(N[C@H]2CC[C@@H](CNC(=O)c3ccc(F)c(F)c3)CC2)nc1N(C)C,True,False,403.47903999999994
CHEMBL1037060,CHEMBL577912,387.92,Cc1cnc(N[C@H]2CC[C@@H](NC(=O)c3ccc(Cl)cc3)CC2)nc1N(C)C,IC50,1590.0,nM,=,,CHEMBL1867,Cc1cnc(N[C@H]2CC[C@@H](NC(=O)c3ccc(Cl)cc3)CC2)nc1N(C)C,True,False,387.91612
CHEMBL1037060,CHEMBL578170,367.5,Cc1ccc(C(=O)N[C@H]2CC[C@@H](Nc3ncc(C)c(N(C)C)n3)CC2)cc1,IC50,1770.0,nM,=,,CHEMBL1867,Cc1ccc(C(=O)N[C@H]2CC[C@@H](Nc3ncc(C)c(N(C)C)n3)CC2)cc1,True,False,367.49817999999993
CHEMBL1037060,CHEMBL583014,489.46,Cc1cc(N(C)C)nc(N[C@H]2CC[C@@H](NC(=O)c3cc(C(F)(F)F)cc(C(F)(F)F)c3)CC2)n1,IC50,200.0,nM,=,,CHEMBL1867,Cc1cc(N(C)C)nc(N[C@H]2CC[C@@H](NC(=O)c3cc(C(F)(F)F)cc(C(F)(F)F)c3)CC2)n1,True,False,489.46784999999994
CHEMBL1046745,CHEMBL537669,354.45,COC(=O)[C@H]1[C@@H](O)CC[C@H]2CN3CCc4c([nH]c5ccccc45)[C@@H]3C[C@@H]21.Cl,IC50,3.67,nM,=,,CHEMBL1867,COC(=O)[C@H]1[C@@H](O)CC[C@H]2CN3CCc4c([nH]c5ccccc45)[C@@H]3C[C@@H]21,True,False,354.4529699999999
CHEMBL1046745,CHEMBL584606,367.5,C=Cc1c(C)nn(CCCN2CCN(c3ccc(C)cc3)CC2)c(=O)c1N,IC50,320.0,nM,=,,CHEMBL1867,C=Cc1c(C)nn(CCCN2CCN(c3ccc(C)cc3)CC2)c(=O)c1N,True,False,367.4981799999999
CHEMBL1047080,CHEMBL13852,216.28,c1ccc(C2CC2)c(OCC2=NCCN2)c1,Ki,58.88,nM,=,,CHEMBL1867,c1ccc(C2CC2)c(OCC2=NCCN2)c1,True,False,216.28527000000003
CHEMBL1047080,CHEMBL569933,218.3,CCCc1ccccc1COC1=NCCN1,Ki,48.98,nM,=,,CHEMBL1867,CCCc1ccccc1COC1=NCCN1,True,False,218.30121
CHEMBL1047080,CHEMBL576819,190.25,Cc1ccccc1COC1=NCCN1,Ki,34.67,nM,=,,CHEMBL1867,Cc1ccccc1COC1=NCCN1,True,False,190.24702999999997
CHEMBL1048659,CHEMBL589390,319.45,Cc1ccc2c(c1)c1c(n2CCc2ccc(C)nc2)CCN(C)C1,Ki,109.65,nM,=,,CHEMBL1867,Cc1ccc2c(c1)c1c(n2CCc2ccc(C)nc2)CCN(C)C1,True,False,319.4534999999999
CHEMBL1048659,CHEMBL592752,304.44,Cc1ccc2c(c1)c1c(n2CCc2ccccc2)CCN(C)C1,Ki,1.995,nM,=,,CHEMBL1867,Cc1ccc2c(c1)c1c(n2CCc2ccccc2)CCN(C)C1,True,False,304.4388299999999
CHEMBL1048659,CHEMBL605081,318.46,Cc1ccc(CCn2c3c(c4cc(C)ccc42)CN(C)CC3)cc1,Ki,0.8128,nM,=,,CHEMBL1867,Cc1ccc(CCn2c3c(c4cc(C)ccc42)CN(C)CC3)cc1,True,False,318.46591999999987
CHEMBL1048659,CHEMBL605405,302.42,Cc1ccc2c(c1)c1c(n2/C=C\c2ccccc2)CCN(C)C1,Ki,0.2399,nM,=,,CHEMBL1867,Cc1ccc2c(c1)c1c(n2/C=C\c2ccccc2)CCN(C)C1,True,False,302.4228899999999
CHEMBL1071169,CHEMBL605292,393.92,CC1=CC(C)(C)c2ccc(NS(=O)(=O)c3c(Cl)nc4sccn34)cc21,IC50,10000.0,nM,=,,CHEMBL1867,CC1=CC(C)(C)c2ccc(NS(=O)(=O)c3c(Cl)nc4sccn34)cc21,True,False,393.91697
CHEMBL1227761,CHEMBL1221498,389.5,COc1ccccc1N1CCN(CCNC(=O)c2ccc3ccccc3c2)CC1,Ki,1.69,nM,=,,CHEMBL1867,COc1ccccc1N1CCN(CCNC(=O)c2ccc3ccccc3c2)CC1,True,False,389.5016899999999
CHEMBL1227761,CHEMBL1221499,425.55,COc1ccccc1N1CCN(CCNS(=O)(=O)c2ccc3ccccc3c2)CC1,Ki,5.19,nM,=,,CHEMBL1867,COc1ccccc1N1CCN(CCNS(=O)(=O)c2ccc3ccccc3c2)CC1,True,False,425.55393999999984
CHEMBL1227761,CHEMBL1221544,403.53,COc1ccccc1N1CCN(CCCNC(=O)c2ccc3ccccc3c2)CC1,Ki,4.59,nM,=,,CHEMBL1867,COc1ccccc1N1CCN(CCCNC(=O)c2ccc3ccccc3c2)CC1,True,False,403.52877999999987
CHEMBL1227761,CHEMBL1221545,453.61,COc1ccccc1N1CCN(CCCCNS(=O)(=O)c2ccc3ccccc3c2)CC1,Ki,4.1,nM,=,,CHEMBL1867,COc1ccccc1N1CCN(CCCCNS(=O)(=O)c2ccc3ccccc3c2)CC1,True,False,453.60811999999976
CHEMBL1227761,CHEMBL1221591,431.58,COc1ccccc1N1CCN(CCCCCNC(=O)c2ccc3ccccc3c2)CC1,Ki,11.1,nM,=,,CHEMBL1867,COc1ccccc1N1CCN(CCCCCNC(=O)c2ccc3ccccc3c2)CC1,True,False,431.58295999999984
CHEMBL1227761,CHEMBL1221592,467.64,COc1ccccc1N1CCN(CCCCCNS(=O)(=O)c2ccc3ccccc3c2)CC1,Ki,8.53,nM,=,,CHEMBL1867,COc1ccccc1N1CCN(CCCCCNS(=O)(=O)c2ccc3ccccc3c2)CC1,True,False,467.63520999999974
CHEMBL1227761,CHEMBL1221593,445.61,COc1ccccc1N1CCN(CCCCCCNC(=O)c2ccc3ccccc3c2)CC1,Ki,6.15,nM,=,,CHEMBL1867,COc1ccccc1N1CCN(CCCCCCNC(=O)c2ccc3ccccc3c2)CC1,True,False,445.6100499999998
CHEMBL1227761,CHEMBL1221594,481.66,COc1ccccc1N1CCN(CCCCCCNS(=O)(=O)c2ccc3ccccc3c2)CC1,Ki,2.87,nM,=,,CHEMBL1867,COc1ccccc1N1CCN(CCCCCCNS(=O)(=O)c2ccc3ccccc3c2)CC1,True,False,481.66229999999973
CHEMBL1227761,CHEMBL25236,417.55,COc1ccccc1N1CCN(CCCCNC(=O)c2ccc3ccccc3c2)CC1,Ki,2.75,nM,=,,CHEMBL1867,COc1ccccc1N1CCN(CCCCNC(=O)c2ccc3ccccc3c2)CC1,True,False,417.55586999999986
CHEMBL1227761,CHEMBL497749,439.58,COc1ccccc1N1CCN(CCCNS(=O)(=O)c2ccc3ccccc3c2)CC1,Ki,4.64,nM,=,,CHEMBL1867,COc1ccccc1N1CCN(CCCNS(=O)(=O)c2ccc3ccccc3c2)CC1,True,False,439.5810299999998
CHEMBL1247730,CHEMBL1082723,390.25,C[C@H]1Cc2c([nH]c3cc(Cl)c(F)cc23)[C@@]2(N1)C(=O)Nc1ccc(Cl)cc12,IC50,10000.0,nM,=,,CHEMBL1867,C[C@H]1Cc2c([nH]c3cc(Cl)c(F)cc23)[C@@]2(N1)C(=O)Nc1ccc(Cl)cc12,True,False,390.2473299999999
CHEMBL1248559,CHEMBL1242950,301.47,CCCCC1CCN(CCCC(=O)c2ccccc2C)CC1,Ki,530.0,nM,=,,CHEMBL1867,CCCCC1CCN(CCCC(=O)c2ccccc2C)CC1,True,False,301.4761699999999
CHEMBL1259385,CHEMBL1255616,238.33,CCC[C@H]1c2ccccc2[C@H]2C[C@@]12c1c[nH]cn1,Ki,0.8511,nM,=,,CHEMBL1867,CCC[C@H]1c2ccccc2[C@H]2C[C@@]12c1c[nH]cn1,True,False,238.33525999999998
CHEMBL1259385,CHEMBL1255617,222.29,c1ccc2c(c1)[C@H]1C[C@@]1(c1c[nH]cn1)C21CC1,Ki,3.89,nM,=,,CHEMBL1867,c1ccc2c(c1)[C@H]1C[C@@]1(c1c[nH]cn1)C21CC1,True,False,222.29223000000002
CHEMBL1259385,CHEMBL1255617,222.29,c1ccc2c(c1)[C@H]1C[C@@]1(c1c[nH]cn1)C21CC1,Ki,0.3311,nM,=,,CHEMBL1867,c1ccc2c(c1)[C@H]1C[C@@]1(c1c[nH]cn1)C21CC1,True,False,222.29223000000002
CHEMBL1259385,CHEMBL1255617,222.29,c1ccc2c(c1)[C@H]1C[C@@]1(c1c[nH]cn1)C21CC1,Ki,0.6026,nM,=,,CHEMBL1867,c1ccc2c(c1)[C@H]1C[C@@]1(c1c[nH]cn1)C21CC1,True,False,222.29223000000002
CHEMBL1259385,CHEMBL1255617,222.29,c1ccc2c(c1)[C@H]1C[C@@]1(c1c[nH]cn1)C21CC1,Ki,3.89,nM,=,,CHEMBL1867,c1ccc2c(c1)[C@H]1C[C@@]1(c1c[nH]cn1)C21CC1,True,False,222.29223000000002
CHEMBL1259385,CHEMBL1255617,222.29,c1ccc2c(c1)[C@H]1C[C@@]1(c1c[nH]cn1)C21CC1,Ki,0.3311,nM,=,,CHEMBL1867,c1ccc2c(c1)[C@H]1C[C@@]1(c1c[nH]cn1)C21CC1,True,False,222.29223000000002
CHEMBL1259385,CHEMBL1255617,222.29,c1ccc2c(c1)[C@H]1C[C@@]1(c1c[nH]cn1)C21CC1,Ki,0.6026,nM,=,,CHEMBL1867,c1ccc2c(c1)[C@H]1C[C@@]1(c1c[nH]cn1)C21CC1,True,False,222.29223000000002
CHEMBL1259385,CHEMBL1255617,222.29,c1ccc2c(c1)[C@H]1C[C@@]1(c1c[nH]cn1)C21CC1,Ki,3.89,nM,=,,CHEMBL1867,c1ccc2c(c1)[C@H]1C[C@@]1(c1c[nH]cn1)C21CC1,True,False,222.29223000000002
CHEMBL1259385,CHEMBL1255617,222.29,c1ccc2c(c1)[C@H]1C[C@@]1(c1c[nH]cn1)C21CC1,Ki,0.3311,nM,=,,CHEMBL1867,c1ccc2c(c1)[C@H]1C[C@@]1(c1c[nH]cn1)C21CC1,True,False,222.29223000000002
CHEMBL1259385,CHEMBL1255617,222.29,c1ccc2c(c1)[C@H]1C[C@@]1(c1c[nH]cn1)C21CC1,Ki,0.6026,nM,=,,CHEMBL1867,c1ccc2c(c1)[C@H]1C[C@@]1(c1c[nH]cn1)C21CC1,True,False,222.29223000000002
CHEMBL1259385,CHEMBL1255723,224.31,CC[C@H]1[C@@H]2c3ccccc3C[C@]12c1c[nH]cn1,Ki,0.138,nM,=,,CHEMBL1867,CC[C@H]1[C@@H]2c3ccccc3C[C@]12c1c[nH]cn1,True,False,224.30817
CHEMBL1259385,CHEMBL1255724,238.33,CCC[C@H]1[C@@H]2c3ccccc3C[C@]12c1c[nH]cn1,Ki,0.4074,nM,=,,CHEMBL1867,CCC[C@H]1[C@@H]2c3ccccc3C[C@]12c1c[nH]cn1,True,False,238.33525999999998
CHEMBL1259385,CHEMBL1255770,224.31,CC1(C)[C@@H]2c3ccccc3C[C@@]21c1c[nH]cn1,Ki,1.072,nM,=,,CHEMBL1867,CC1(C)[C@@H]2c3ccccc3C[C@@]21c1c[nH]cn1,True,False,224.30817
CHEMBL1259385,CHEMBL1255771,210.28,C[C@]12C[C@@]1(c1c[nH]cn1)Cc1ccccc12,Ki,0.4467,nM,=,,CHEMBL1867,C[C@]12C[C@@]1(c1c[nH]cn1)Cc1ccccc12,True,False,210.28107999999992
CHEMBL1259385,CHEMBL1256378,210.28,C[C@H]1[C@@H]2c3ccccc3C[C@]12c1c[nH]cn1,Ki,0.1738,nM,=,,CHEMBL1867,C[C@H]1[C@@H]2c3ccccc3C[C@]12c1c[nH]cn1,True,False,210.28108
CHEMBL1259385,CHEMBL1256414,196.25,c1ccc2c(c1)C[C@]1(c3c[nH]cn3)C[C@H]21,Ki,0.02818,nM,=,,CHEMBL1867,c1ccc2c(c1)C[C@]1(c3c[nH]cn3)C[C@H]21,True,False,196.25399
CHEMBL1259385,CHEMBL1256414,196.25,c1ccc2c(c1)C[C@]1(c3c[nH]cn3)C[C@H]21,Ki,0.07943,nM,=,,CHEMBL1867,c1ccc2c(c1)C[C@]1(c3c[nH]cn3)C[C@H]21,True,False,196.25399
CHEMBL1259385,CHEMBL1256414,196.25,c1ccc2c(c1)C[C@]1(c3c[nH]cn3)C[C@H]21,Ki,0.06918,nM,=,,CHEMBL1867,c1ccc2c(c1)C[C@]1(c3c[nH]cn3)C[C@H]21,True,False,196.25399
CHEMBL1259385,CHEMBL1256414,196.25,c1ccc2c(c1)C[C@]1(c3c[nH]cn3)C[C@H]21,Ki,0.02818,nM,=,,CHEMBL1867,c1ccc2c(c1)C[C@]1(c3c[nH]cn3)C[C@H]21,True,False,196.25399
CHEMBL1259385,CHEMBL1256414,196.25,c1ccc2c(c1)C[C@]1(c3c[nH]cn3)C[C@H]21,Ki,0.07943,nM,=,,CHEMBL1867,c1ccc2c(c1)C[C@]1(c3c[nH]cn3)C[C@H]21,True,False,196.25399
CHEMBL1259385,CHEMBL1256414,196.25,c1ccc2c(c1)C[C@]1(c3c[nH]cn3)C[C@H]21,Ki,0.06918,nM,=,,CHEMBL1867,c1ccc2c(c1)C[C@]1(c3c[nH]cn3)C[C@H]21,True,False,196.25399
CHEMBL1259385,CHEMBL1256414,196.25,c1ccc2c(c1)C[C@]1(c3c[nH]cn3)C[C@H]21,Ki,0.02818,nM,=,,CHEMBL1867,c1ccc2c(c1)C[C@]1(c3c[nH]cn3)C[C@H]21,True,False,196.25399
CHEMBL1259385,CHEMBL1256414,196.25,c1ccc2c(c1)C[C@]1(c3c[nH]cn3)C[C@H]21,Ki,0.07943,nM,=,,CHEMBL1867,c1ccc2c(c1)C[C@]1(c3c[nH]cn3)C[C@H]21,True,False,196.25399
CHEMBL1259385,CHEMBL1256414,196.25,c1ccc2c(c1)C[C@]1(c3c[nH]cn3)C[C@H]21,Ki,0.06918,nM,=,,CHEMBL1867,c1ccc2c(c1)C[C@]1(c3c[nH]cn3)C[C@H]21,True,False,196.25399
CHEMBL1259385,CHEMBL1256502,226.28,CO[C@@H]1c2ccccc2[C@H]2C[C@]21c1c[nH]cn1,Ki,11.75,nM,=,,CHEMBL1867,CO[C@@H]1c2ccccc2[C@H]2C[C@]21c1c[nH]cn1,True,False,226.28047999999998
CHEMBL1259385,CHEMBL1256503,226.28,CO[C@H]1c2ccccc2[C@H]2C[C@@]12c1c[nH]cn1,Ki,54.95,nM,=,,CHEMBL1867,CO[C@H]1c2ccccc2[C@H]2C[C@@]12c1c[nH]cn1,True,False,226.28047999999998
CHEMBL1259385,CHEMBL1256503,226.28,CO[C@H]1c2ccccc2[C@H]2C[C@@]12c1c[nH]cn1,Ki,0.5623,nM,=,,CHEMBL1867,CO[C@H]1c2ccccc2[C@H]2C[C@@]12c1c[nH]cn1,True,False,226.28047999999998
CHEMBL1259385,CHEMBL1256503,226.28,CO[C@H]1c2ccccc2[C@H]2C[C@@]12c1c[nH]cn1,Ki,1.738,nM,=,,CHEMBL1867,CO[C@H]1c2ccccc2[C@H]2C[C@@]12c1c[nH]cn1,True,False,226.28047999999998
CHEMBL1259385,CHEMBL1256503,226.28,CO[C@H]1c2ccccc2[C@H]2C[C@@]12c1c[nH]cn1,Ki,54.95,nM,=,,CHEMBL1867,CO[C@H]1c2ccccc2[C@H]2C[C@@]12c1c[nH]cn1,True,False,226.28047999999998
CHEMBL1259385,CHEMBL1256503,226.28,CO[C@H]1c2ccccc2[C@H]2C[C@@]12c1c[nH]cn1,Ki,0.5623,nM,=,,CHEMBL1867,CO[C@H]1c2ccccc2[C@H]2C[C@@]12c1c[nH]cn1,True,False,226.28047999999998
CHEMBL1259385,CHEMBL1256503,226.28,CO[C@H]1c2ccccc2[C@H]2C[C@@]12c1c[nH]cn1,Ki,1.738,nM,=,,CHEMBL1867,CO[C@H]1c2ccccc2[C@H]2C[C@@]12c1c[nH]cn1,True,False,226.28047999999998
CHEMBL1259385,CHEMBL1256503,226.28,CO[C@H]1c2ccccc2[C@H]2C[C@@]12c1c[nH]cn1,Ki,54.95,nM,=,,CHEMBL1867,CO[C@H]1c2ccccc2[C@H]2C[C@@]12c1c[nH]cn1,True,False,226.28047999999998
CHEMBL1259385,CHEMBL1256503,226.28,CO[C@H]1c2ccccc2[C@H]2C[C@@]12c1c[nH]cn1,Ki,0.5623,nM,=,,CHEMBL1867,CO[C@H]1c2ccccc2[C@H]2C[C@@]12c1c[nH]cn1,True,False,226.28047999999998
CHEMBL1259385,CHEMBL1256503,226.28,CO[C@H]1c2ccccc2[C@H]2C[C@@]12c1c[nH]cn1,Ki,1.738,nM,=,,CHEMBL1867,CO[C@H]1c2ccccc2[C@H]2C[C@@]12c1c[nH]cn1,True,False,226.28047999999998
CHEMBL1259385,CHEMBL1256565,240.31,CCO[C@H]1c2ccccc2[C@H]2C[C@@]12c1c[nH]cn1,Ki,3.311,nM,=,,CHEMBL1867,CCO[C@H]1c2ccccc2[C@H]2C[C@@]12c1c[nH]cn1,True,False,240.30756999999997
CHEMBL1259385,CHEMBL1256566,254.33,CCCO[C@H]1c2ccccc2[C@H]2C[C@@]12c1c[nH]cn1,Ki,3.981,nM,=,,CHEMBL1867,CCCO[C@H]1c2ccccc2[C@H]2C[C@@]12c1c[nH]cn1,True,False,254.33465999999996
CHEMBL1259385,CHEMBL1256608,254.33,CC(C)O[C@H]1c2ccccc2[C@H]2C[C@@]12c1c[nH]cn1,Ki,45.71,nM,=,,CHEMBL1867,CC(C)O[C@H]1c2ccccc2[C@H]2C[C@@]12c1c[nH]cn1,True,False,254.33465999999996
CHEMBL1259385,CHEMBL1256609,210.28,C[C@H]1c2ccccc2[C@H]2C[C@@]12c1c[nH]cn1,Ki,0.2188,nM,=,,CHEMBL1867,C[C@H]1c2ccccc2[C@H]2C[C@@]12c1c[nH]cn1,True,False,210.28108
CHEMBL1259385,CHEMBL1256610,224.31,CC[C@H]1c2ccccc2[C@H]2C[C@@]12c1c[nH]cn1,Ki,0.5129,nM,=,,CHEMBL1867,CC[C@H]1c2ccccc2[C@H]2C[C@@]12c1c[nH]cn1,True,False,224.30817
CHEMBL1259385,CHEMBL353972,212.3,CCC1(c2cnc[nH]2)Cc2ccccc2C1,Ki,1.862,nM,=,,CHEMBL1867,CCC1(c2cnc[nH]2)Cc2ccccc2C1,True,False,212.29701999999992
CHEMBL1259771,CHEMBL1258223,396.92,CCCCN1CCC(COC(=O)c2cc(Cl)c(NC)c3c2OCCO3)CC1,Ki,2239.0,nM,=,,CHEMBL1867,CCCCN1CCC(COC(=O)c2cc(Cl)c(NC)c3c2OCCO3)CC1,True,False,396.9181299999999
CHEMBL1259771,CHEMBL1258452,320.43,CCCCN1CCC(COC(=O)c2ccc(N)c(OC)c2)CC1,Ki,10000.0,nM,=,,CHEMBL1867,CCCCN1CCC(COC(=O)c2ccc(N)c(OC)c2)CC1,True,False,320.43546
CHEMBL1259771,CHEMBL1258671,366.43,CCCCN1CCC(COC(=O)c2cc(F)c(N)c3c2OCCO3)CC1,Ki,10000.0,nM,=,,CHEMBL1867,CCCCN1CCC(COC(=O)c2cc(F)c(N)c3c2OCCO3)CC1,True,False,366.4364399999999
CHEMBL1285950,CHEMBL1276139,230.31,C=CCc1ccccc1O[C@H](C)C1=NCCN1,Ki,100.0,nM,=,,CHEMBL1867,C=CCc1ccccc1O[C@H](C)C1=NCCN1,True,False,230.31235999999998
CHEMBL1285950,CHEMBL1276140,230.31,C=CCc1ccccc1O[C@@H](C)C1=NCCN1,Ki,52.48,nM,=,,CHEMBL1867,C=CCc1ccccc1O[C@@H](C)C1=NCCN1,True,False,230.31235999999998
CHEMBL1285950,CHEMBL1276219,230.31,C[C@@H](Oc1ccccc1C1CC1)C1=NCCN1,Ki,44.67,nM,=,,CHEMBL1867,C[C@@H](Oc1ccccc1C1CC1)C1=NCCN1,True,False,230.31235999999998
CHEMBL1285950,CHEMBL1276220,230.31,C[C@H](Oc1ccccc1C1CC1)C1=NCCN1,Ki,20.89,nM,=,,CHEMBL1867,C[C@H](Oc1ccccc1C1CC1)C1=NCCN1,True,False,230.31235999999998
CHEMBL1285950,CHEMBL1276247,272.37,C[C@@H](Oc1ccccc1-c1ccsc1)C1=NCCN1,Ki,165.96,nM,=,,CHEMBL1867,C[C@@H](Oc1ccccc1-c1ccsc1)C1=NCCN1,True,False,272.37157
CHEMBL1285950,CHEMBL1276248,272.37,C[C@H](Oc1ccccc1-c1ccsc1)C1=NCCN1,Ki,44.67,nM,=,,CHEMBL1867,C[C@H](Oc1ccccc1-c1ccsc1)C1=NCCN1,True,False,272.37157
CHEMBL1285950,CHEMBL1278084,282.34,C[C@@H](Oc1ccccc1-c1cccc(O)c1)C1=NCCN1,Ki,39.81,nM,=,,CHEMBL1867,C[C@@H](Oc1ccccc1-c1cccc(O)c1)C1=NCCN1,True,False,282.34521
CHEMBL1285950,CHEMBL1278085,282.34,C[C@H](Oc1ccccc1-c1cccc(O)c1)C1=NCCN1,Ki,97.72,nM,=,,CHEMBL1867,C[C@H](Oc1ccccc1-c1cccc(O)c1)C1=NCCN1,True,False,282.34521
CHEMBL1285950,CHEMBL242265,266.34,C[C@@H](Oc1ccccc1-c1ccccc1)C1=NCCN1,Ki,186.21,nM,=,,CHEMBL1867,C[C@@H](Oc1ccccc1-c1ccccc1)C1=NCCN1,True,False,266.3458099999999
CHEMBL1285950,CHEMBL242693,311.34,C[C@@H](Oc1ccccc1-c1cccc([N+](=O)[O-])c1)C1=NCCN1,Ki,81.28,nM,=,,CHEMBL1867,C[C@@H](Oc1ccccc1-c1cccc([N+](=O)[O-])c1)C1=NCCN1,True,False,311.34334
CHEMBL1285950,CHEMBL396013,266.34,C[C@H](Oc1ccccc1-c1ccccc1)C1=NCCN1,Ki,91.2,nM,=,,CHEMBL1867,C[C@H](Oc1ccccc1-c1ccccc1)C1=NCCN1,True,False,266.3458099999999
CHEMBL1285950,CHEMBL397753,311.34,C[C@H](Oc1ccccc1-c1cccc([N+](=O)[O-])c1)C1=NCCN1,Ki,72.44,nM,=,,CHEMBL1867,C[C@H](Oc1ccccc1-c1cccc([N+](=O)[O-])c1)C1=NCCN1,True,False,311.34334
CHEMBL1959312,CHEMBL1956901,232.28,c1ccc([C@H]2CO[C@H](C3=NCCN3)CO2)cc1,Ki,7943.28,nM,=,,CHEMBL1867,c1ccc([C@H]2CO[C@H](C3=NCCN3)CO2)cc1,True,False,232.28467
CHEMBL1959312,CHEMBL1956902,232.28,c1ccc([C@@H]2CO[C@@H](C3=NCCN3)CO2)cc1,Ki,398.11,nM,=,,CHEMBL1867,c1ccc([C@@H]2CO[C@@H](C3=NCCN3)CO2)cc1,True,False,232.28467
CHEMBL1959312,CHEMBL1956903,232.28,c1ccc([C@H]2COC[C@@H](C3=NCCN3)O2)cc1,Ki,5370.32,nM,=,,CHEMBL1867,c1ccc([C@H]2COC[C@@H](C3=NCCN3)O2)cc1,True,False,232.28466999999995
CHEMBL1959312,CHEMBL1956904,232.28,c1ccc([C@@H]2COC[C@@H](C3=NCCN3)O2)cc1,Ki,6309.57,nM,=,,CHEMBL1867,c1ccc([C@@H]2COC[C@@H](C3=NCCN3)O2)cc1,True,False,232.28466999999995
CHEMBL2026264,CHEMBL2022269,314.78,Clc1ccc2c(c1)N=C(N1CCNCC1)c1cccnc1O2,Ki,729.0,nM,=,,CHEMBL1867,Clc1ccc2c(c1)N=C(N1CCNCC1)c1cccnc1O2,True,False,314.77714999999995
CHEMBL2026264,CHEMBL2022272,418.93,Clc1ccc2c(c1)N=C(N1CCN(CCc3ccccc3)CC1)c1cccnc1O2,Ki,374.0,nM,=,,CHEMBL1867,Clc1ccc2c(c1)N=C(N1CCN(CCc3ccccc3)CC1)c1cccnc1O2,True,False,418.93010999999984
CHEMBL2026264,CHEMBL2022273,396.92,Clc1ccc2c(c1)N=C(N1CCN(C3CCCCC3)CC1)c1cccnc1O2,Ki,412.0,nM,=,,CHEMBL1867,Clc1ccc2c(c1)N=C(N1CCN(C3CCCCC3)CC1)c1cccnc1O2,True,False,396.92374999999987
CHEMBL2026264,CHEMBL2022275,402.88,OCCOCCN1CCN(C2=Nc3cc(Cl)ccc3Oc3ncccc32)CC1,Ki,452.0,nM,=,,CHEMBL1867,OCCOCCN1CCN(C2=Nc3cc(Cl)ccc3Oc3ncccc32)CC1,True,False,402.8843099999999
CHEMBL2026264,CHEMBL2022280,328.8,CN1CCN(C2=Nc3cc(Cl)ccc3Oc3ncccc32)CC1.O=C(O)/C=C/C(=O)O,Ki,180.0,nM,=,,CHEMBL1867,CN1CCN(C2=Nc3cc(Cl)ccc3Oc3ncccc32)CC1,True,False,328.80423999999994
CHEMBL2026264,CHEMBL42,326.83,CN1CCN(C2=Nc3cc(Cl)ccc3Nc3ccccc32)CC1,Ki,185.0,nM,=,,CHEMBL1867,CN1CCN(C2=Nc3cc(Cl)ccc3Nc3ccccc32)CC1,True,False,326.8319299999999
CHEMBL2033603,CHEMBL2031737,378.43,C[C@@H]1CCCN1CCc1cc2cc(C(=O)c3ccc([N+](=O)[O-])cc3)ccc2o1,Ki,10000.0,nM,=,,CHEMBL1867,C[C@@H]1CCCN1CCc1cc2cc(C(=O)c3ccc([N+](=O)[O-])cc3)ccc2o1,True,False,378.43163999999985
CHEMBL2033603,CHEMBL555146,351.42,C[C@@H]1CCCN1CCc1cc2cc(C(=O)c3ccc(F)cc3)ccc2o1,Ki,10000.0,nM,=,,CHEMBL1867,C[C@@H]1CCCN1CCc1cc2cc(C(=O)c3ccc(F)cc3)ccc2o1,True,False,351.42453999999987
CHEMBL2060407,CHEMBL134,230.1,Clc1cccc(Cl)c1N=C1NCCN1,Ki,8.71,nM,=,,CHEMBL1867,Clc1cccc(Cl)c1N=C1NCCN1,True,False,230.09817999999999
CHEMBL2060407,CHEMBL2058633,194.66,Clc1ccccc1NC1=NCCC1,Ki,3019.95,nM,=,,CHEMBL1867,Clc1ccccc1NC1=NCCC1,True,False,194.66557
CHEMBL2060407,CHEMBL289480,180.25,C1COC(NC(C2CC2)C2CC2)=N1,Ki,36.31,nM,=,,CHEMBL1867,C1COC(NC(C2CC2)C2CC2)=N1,True,False,180.25181999999998
CHEMBL2090847,CHEMBL1276139,230.31,C=CCc1ccccc1O[C@H](C)C1=NCCN1,Ki,100.0,nM,=,,CHEMBL1867,C=CCc1ccccc1O[C@H](C)C1=NCCN1,True,False,230.31235999999998
CHEMBL2090847,CHEMBL1276140,230.31,C=CCc1ccccc1O[C@@H](C)C1=NCCN1,Ki,52.48,nM,=,,CHEMBL1867,C=CCc1ccccc1O[C@@H](C)C1=NCCN1,True,False,230.31235999999998
CHEMBL2090847,CHEMBL2089155,244.34,C[C@@H](Oc1ccccc1CC1CC1)C1=NCCN1,Ki,44.67,nM,=,,CHEMBL1867,C[C@@H](Oc1ccccc1CC1CC1)C1=NCCN1,True,False,244.33944999999997
CHEMBL2090847,CHEMBL2089156,244.34,C[C@H](Oc1ccccc1CC1CC1)C1=NCCN1,Ki,41.69,nM,=,,CHEMBL1867,C[C@H](Oc1ccccc1CC1CC1)C1=NCCN1,True,False,244.33944999999997
CHEMBL2213175,CHEMBL2207493,293.8,CCCN1CCC(n2c(=O)[nH]c3cc(Cl)ccc32)CC1,Ki,10000.0,nM,=,,CHEMBL1867,CCCN1CCC(n2c(=O)[nH]c3cc(Cl)ccc32)CC1,True,False,293.79914999999994
CHEMBL2395285,CHEMBL15245,354.45,COC(=O)[C@H]1[C@@H](O)CC[C@H]2CN3CCc4c([nH]c5ccccc45)[C@@H]3C[C@@H]21,Ki,3.1,nM,=,,CHEMBL1867,COC(=O)[C@H]1[C@@H](O)CC[C@H]2CN3CCc4c([nH]c5ccccc45)[C@@H]3C[C@@H]21,True,False,354.4529699999999
CHEMBL2395285,CHEMBL15245,354.45,COC(=O)[C@H]1[C@@H](O)CC[C@H]2CN3CCc4c([nH]c5ccccc45)[C@@H]3C[C@@H]21,IC50,8.4,nM,=,,CHEMBL1867,COC(=O)[C@H]1[C@@H](O)CC[C@H]2CN3CCc4c([nH]c5ccccc45)[C@@H]3C[C@@H]21,True,False,354.4529699999999
CHEMBL2395285,CHEMBL15245,354.45,COC(=O)[C@H]1[C@@H](O)CC[C@H]2CN3CCc4c([nH]c5ccccc45)[C@@H]3C[C@@H]21,Ki,3.1,nM,=,,CHEMBL1867,COC(=O)[C@H]1[C@@H](O)CC[C@H]2CN3CCc4c([nH]c5ccccc45)[C@@H]3C[C@@H]21,True,False,354.4529699999999
CHEMBL2395285,CHEMBL15245,354.45,COC(=O)[C@H]1[C@@H](O)CC[C@H]2CN3CCc4c([nH]c5ccccc45)[C@@H]3C[C@@H]21,IC50,8.4,nM,=,,CHEMBL1867,COC(=O)[C@H]1[C@@H](O)CC[C@H]2CN3CCc4c([nH]c5ccccc45)[C@@H]3C[C@@H]21,True,False,354.4529699999999
CHEMBL2396123,CHEMBL2393243,330.44,Cl.c1ccc(Cc2nc3c(c(Nc4ccccc4)n2)CCNCC3)cc1,IC50,10000.0,nM,=,,CHEMBL1867,c1ccc(Cc2nc3c(c(Nc4ccccc4)n2)CCNCC3)cc1,True,False,330.43628999999993
CHEMBL2396123,CHEMBL2393245,364.88,Cl.Clc1cccc(Nc2nc(Cc3ccccc3)nc3c2CCNCC3)c1,IC50,10000.0,nM,=,,CHEMBL1867,Clc1cccc(Nc2nc(Cc3ccccc3)nc3c2CCNCC3)c1,True,False,364.88131999999985
CHEMBL2404423,CHEMBL481153,340.45,O=C(OCCN1CCCC1)N1c2ccccc2Sc2ccccc21,Ki,95.0,nM,=,,CHEMBL1867,O=C(OCCN1CCCC1)N1c2ccccc2Sc2ccccc21,True,False,340.4474499999999
CHEMBL2416741,CHEMBL2413153,405.47,Cn1c(=O)cnn(CCCCN2CCN(c3ccccc3OCCF)CC2)c1=O,Ki,2751.0,nM,=,,CHEMBL1867,Cn1c(=O)cnn(CCCCN2CCN(c3ccccc3OCCF)CC2)c1=O,True,False,405.47625999999985
CHEMBL2416741,CHEMBL2413154,373.46,COc1ccccc1N1CCN(CCCCn2ncc(=O)n(C)c2=O)CC1,Ki,96.0,nM,=,,CHEMBL1867,COc1ccccc1N1CCN(CCCCn2ncc(=O)n(C)c2=O)CC1,True,False,373.45873999999986
CHEMBL2434577,CHEMBL1276139,230.31,C=CCc1ccccc1O[C@H](C)C1=NCCN1,Ki,100.0,nM,=,,CHEMBL1867,C=CCc1ccccc1O[C@H](C)C1=NCCN1,True,False,230.31235999999998
CHEMBL2434577,CHEMBL1276140,230.31,C=CCc1ccccc1O[C@@H](C)C1=NCCN1,Ki,52.48,nM,=,,CHEMBL1867,C=CCc1ccccc1O[C@@H](C)C1=NCCN1,True,False,230.31235999999998
CHEMBL2434577,CHEMBL1276219,230.31,C[C@@H](Oc1ccccc1C1CC1)C1=NCCN1,Ki,44.67,nM,=,,CHEMBL1867,C[C@@H](Oc1ccccc1C1CC1)C1=NCCN1,True,False,230.31235999999998
CHEMBL2434577,CHEMBL1276220,230.31,C[C@H](Oc1ccccc1C1CC1)C1=NCCN1,Ki,20.89,nM,=,,CHEMBL1867,C[C@H](Oc1ccccc1C1CC1)C1=NCCN1,True,False,230.31235999999998
CHEMBL2434577,CHEMBL13852,216.28,c1ccc(C2CC2)c(OCC2=NCCN2)c1,Ki,58.88,nM,=,,CHEMBL1867,c1ccc(C2CC2)c(OCC2=NCCN2)c1,True,False,216.28527000000003
CHEMBL2434577,CHEMBL13917,218.3,CCCc1ccccc1OCC1=NCCN1,Ki,48.98,nM,=,,CHEMBL1867,CCCc1ccccc1OCC1=NCCN1,True,False,218.30121
CHEMBL2434577,CHEMBL14107,216.28,C=CCc1ccccc1OCC1=NCCN1,Ki,125.89,nM,=,,CHEMBL1867,C=CCc1ccccc1OCC1=NCCN1,True,False,216.28527
CHEMBL2434577,CHEMBL2089155,244.34,C[C@@H](Oc1ccccc1CC1CC1)C1=NCCN1,Ki,44.67,nM,=,,CHEMBL1867,C[C@@H](Oc1ccccc1CC1CC1)C1=NCCN1,True,False,244.33944999999997
CHEMBL2434577,CHEMBL2089156,244.34,C[C@H](Oc1ccccc1CC1CC1)C1=NCCN1,Ki,41.69,nM,=,,CHEMBL1867,C[C@H](Oc1ccccc1CC1CC1)C1=NCCN1,True,False,244.33944999999997
CHEMBL2434577,CHEMBL2431279,255.11,Brc1ccccc1OCC1=NCCN1,Ki,95.5,nM,=,,CHEMBL1867,Brc1ccccc1OCC1=NCCN1,True,False,255.12097000000003
CHEMBL2434577,CHEMBL2431280,232.28,c1ccc(OC2CC2)c(OCC2=NCCN2)c1,Ki,316.23,nM,=,,CHEMBL1867,c1ccc(OC2CC2)c(OCC2=NCCN2)c1,True,False,232.28467
CHEMBL2434577,CHEMBL2431281,230.31,c1ccc(OCC2=NCCN2)c(CC2CC2)c1,Ki,77.62,nM,=,,CHEMBL1867,c1ccc(OCC2=NCCN2)c(CC2CC2)c1,True,False,230.31235999999996
CHEMBL2434577,CHEMBL404505,186.21,c1ccc2oc(C3=NCCN3)cc2c1,Ki,10000.0,nM,=,,CHEMBL1867,c1ccc2oc(C3=NCCN3)cc2c1,True,False,186.21515
CHEMBL2439895,CHEMBL2436555,181.63,Cl.NC1=Nc2ccc(Cl)cc2CN1,Ki,316.23,nM,=,,CHEMBL1867,NC1=Nc2ccc(Cl)cc2CN1,True,False,181.62605999999997
CHEMBL2439895,CHEMBL2436555,181.63,Cl.NC1=Nc2ccc(Cl)cc2CN1,Ki,283.0,nM,=,,CHEMBL1867,NC1=Nc2ccc(Cl)cc2CN1,True,False,181.62605999999997
CHEMBL2439895,CHEMBL2436555,181.63,Cl.NC1=Nc2ccc(Cl)cc2CN1,Ki,316.23,nM,=,,CHEMBL1867,NC1=Nc2ccc(Cl)cc2CN1,True,False,181.62605999999997
CHEMBL2439895,CHEMBL2436555,181.63,Cl.NC1=Nc2ccc(Cl)cc2CN1,Ki,283.0,nM,=,,CHEMBL1867,NC1=Nc2ccc(Cl)cc2CN1,True,False,181.62605999999997
CHEMBL2445022,CHEMBL2441619,295.31,Cc1ccc2nc(C(F)(F)F)cc(N3CCNCC3)c2c1,Ki,1202.0,nM,=,,CHEMBL1867,Cc1ccc2nc(C(F)(F)F)cc(N3CCNCC3)c2c1,True,False,295.31006999999994
CHEMBL3057218,CHEMBL326702,265.34,CCS(=O)(=O)Nc1cccc(Cc2c[nH]cn2)c1,Ki,169.82,nM,=,,CHEMBL1867,CCS(=O)(=O)Nc1cccc(Cc2c[nH]cn2)c1,True,False,265.33624999999995
CHEMBL3090331,CHEMBL569270,343.39,CNc1cc(-c2csc(N(C)C(=O)c3ccc(F)cc3)n2)ncn1,Ki,10000.0,nM,=,,CHEMBL1867,CNc1cc(-c2csc(N(C)C(=O)c3ccc(F)cc3)n2)ncn1,True,False,343.38528
CHEMBL3106122,CHEMBL3104091,288.39,CN1CCc2c(c3cccc4c3n2-c2ccccc2CC4)C1,Ki,228.0,nM,=,,CHEMBL1867,CN1CCc2c(c3cccc4c3n2-c2ccccc2CC4)C1,True,False,288.3957999999999
CHEMBL3106122,CHEMBL3104091,288.39,CN1CCc2c(c3cccc4c3n2-c2ccccc2CC4)C1,Ki,229.09,nM,=,,CHEMBL1867,CN1CCc2c(c3cccc4c3n2-c2ccccc2CC4)C1,True,False,288.3957999999999
CHEMBL3106122,CHEMBL3104091,288.39,CN1CCc2c(c3cccc4c3n2-c2ccccc2CC4)C1,Ki,228.0,nM,=,,CHEMBL1867,CN1CCc2c(c3cccc4c3n2-c2ccccc2CC4)C1,True,False,288.3957999999999
CHEMBL3106122,CHEMBL3104091,288.39,CN1CCc2c(c3cccc4c3n2-c2ccccc2CC4)C1,Ki,229.09,nM,=,,CHEMBL1867,CN1CCc2c(c3cccc4c3n2-c2ccccc2CC4)C1,True,False,288.3957999999999
CHEMBL3106122,CHEMBL3104092,288.39,CN1CCc2c(c3cccc4c3n2Cc2ccccc2C4)C1,Ki,1800.0,nM,=,,CHEMBL1867,CN1CCc2c(c3cccc4c3n2Cc2ccccc2C4)C1,True,False,288.3957999999999
CHEMBL3106122,CHEMBL3104092,288.39,CN1CCc2c(c3cccc4c3n2Cc2ccccc2C4)C1,Ki,1819.7,nM,=,,CHEMBL1867,CN1CCc2c(c3cccc4c3n2Cc2ccccc2C4)C1,True,False,288.3957999999999
CHEMBL3106122,CHEMBL3104092,288.39,CN1CCc2c(c3cccc4c3n2Cc2ccccc2C4)C1,Ki,1800.0,nM,=,,CHEMBL1867,CN1CCc2c(c3cccc4c3n2Cc2ccccc2C4)C1,True,False,288.3957999999999
CHEMBL3106122,CHEMBL3104092,288.39,CN1CCc2c(c3cccc4c3n2Cc2ccccc2C4)C1,Ki,1819.7,nM,=,,CHEMBL1867,CN1CCc2c(c3cccc4c3n2Cc2ccccc2C4)C1,True,False,288.3957999999999
CHEMBL3106122,CHEMBL3104093,288.39,CN1CCc2c(c3cccc4c3n2CCc2ccccc2-4)C1,Ki,407.0,nM,=,,CHEMBL1867,CN1CCc2c(c3cccc4c3n2CCc2ccccc2-4)C1,True,False,288.3957999999999
CHEMBL3106122,CHEMBL3104093,288.39,CN1CCc2c(c3cccc4c3n2CCc2ccccc2-4)C1,Ki,407.38,nM,=,,CHEMBL1867,CN1CCc2c(c3cccc4c3n2CCc2ccccc2-4)C1,True,False,288.3957999999999
CHEMBL3106122,CHEMBL3104093,288.39,CN1CCc2c(c3cccc4c3n2CCc2ccccc2-4)C1,Ki,407.0,nM,=,,CHEMBL1867,CN1CCc2c(c3cccc4c3n2CCc2ccccc2-4)C1,True,False,288.3957999999999
CHEMBL3106122,CHEMBL3104093,288.39,CN1CCc2c(c3cccc4c3n2CCc2ccccc2-4)C1,Ki,407.38,nM,=,,CHEMBL1867,CN1CCc2c(c3cccc4c3n2CCc2ccccc2-4)C1,True,False,288.3957999999999
CHEMBL3106122,CHEMBL762,260.38,Cc1cc(C(C)(C)C)c(O)c(C)c1CC1=NCCN1,Ki,2.291,nM,=,,CHEMBL1867,Cc1cc(C(C)(C)C)c(O)c(C)c1CC1=NCCN1,True,False,260.38247999999993
CHEMBL3106122,CHEMBL762,260.38,Cc1cc(C(C)(C)C)c(O)c(C)c1CC1=NCCN1,Ki,0.29,nM,=,,CHEMBL1867,Cc1cc(C(C)(C)C)c(O)c(C)c1CC1=NCCN1,True,False,260.38247999999993
CHEMBL3106122,CHEMBL762,260.38,Cc1cc(C(C)(C)C)c(O)c(C)c1CC1=NCCN1,Ki,2.291,nM,=,,CHEMBL1867,Cc1cc(C(C)(C)C)c(O)c(C)c1CC1=NCCN1,True,False,260.38247999999993
CHEMBL3106122,CHEMBL762,260.38,Cc1cc(C(C)(C)C)c(O)c(C)c1CC1=NCCN1,Ki,0.29,nM,=,,CHEMBL1867,Cc1cc(C(C)(C)C)c(O)c(C)c1CC1=NCCN1,True,False,260.38247999999993
CHEMBL3225629,CHEMBL1112,448.39,O=C1CCc2ccc(OCCCCN3CCN(c4cccc(Cl)c4Cl)CC3)cc2N1,Ki,100.0,nM,=,,CHEMBL1867,O=C1CCc2ccc(OCCCCN3CCN(c4cccc(Cl)c4Cl)CC3)cc2N1,True,False,448.39653999999996
CHEMBL3225629,CHEMBL42,326.83,CN1CCN(C2=Nc3cc(Cl)ccc3Nc3ccccc32)CC1,Ki,1000.0,nM,=,,CHEMBL1867,CN1CCN(C2=Nc3cc(Cl)ccc3Nc3ccccc32)CC1,True,False,326.8319299999999
CHEMBL3225629,CHEMBL715,312.44,Cc1cc2c(s1)Nc1ccccc1N=C2N1CCN(C)CC1,Ki,1000.0,nM,=,,CHEMBL1867,Cc1cc2c(s1)Nc1ccccc1N=C2N1CCN(C)CC1,True,False,312.43974999999995
CHEMBL3225629,CHEMBL85,410.49,Cc1nc2n(c(=O)c1CCN1CCC(c3noc4cc(F)ccc34)CC1)CCCC2,Ki,1000.0,nM,=,,CHEMBL1867,Cc1nc2n(c(=O)c1CCN1CCC(c3noc4cc(F)ccc34)CC1)CCCC2,True,False,410.4956399999998
CHEMBL3293216,CHEMBL3289656,339.47,c1cnc(N2CCN(CCCc3nc4ccccc4s3)CC2)nc1,Ki,844.0,nM,=,,CHEMBL1867,c1cnc(N2CCN(CCCc3nc4ccccc4s3)CC2)nc1,True,False,339.46556999999996
CHEMBL3293216,CHEMBL3289656,339.47,c1cnc(N2CCN(CCCc3nc4ccccc4s3)CC2)nc1,Ki,851.14,nM,=,,CHEMBL1867,c1cnc(N2CCN(CCCc3nc4ccccc4s3)CC2)nc1,True,False,339.46556999999996
CHEMBL3293216,CHEMBL3289656,339.47,c1cnc(N2CCN(CCCc3nc4ccccc4s3)CC2)nc1,Ki,844.0,nM,=,,CHEMBL1867,c1cnc(N2CCN(CCCc3nc4ccccc4s3)CC2)nc1,True,False,339.46556999999996
CHEMBL3293216,CHEMBL3289656,339.47,c1cnc(N2CCN(CCCc3nc4ccccc4s3)CC2)nc1,Ki,851.14,nM,=,,CHEMBL1867,c1cnc(N2CCN(CCCc3nc4ccccc4s3)CC2)nc1,True,False,339.46556999999996
CHEMBL3296644,CHEMBL1705,230.1,Cl.Clc1cccc(Cl)c1NC1=NCCN1,Ki,20.89,nM,=,,CHEMBL1867,Clc1cccc(Cl)c1NC1=NCCN1,True,False,230.09817999999999
CHEMBL3296644,CHEMBL3289520,254.34,CCNc1ccc(NC(=N)Nc2ccccc2)cc1.Cl,Ki,4897.79,nM,=,,CHEMBL1867,CCNc1ccc(NC(=N)Nc2ccccc2)cc1,True,False,254.3375099999999
CHEMBL3296644,CHEMBL3289521,265.36,Cl.N=C(Nc1ccccc1)Nc1ccc2c(c1)CCCC2,Ki,263.03,nM,=,,CHEMBL1867,N=C(Nc1ccccc1)Nc1ccc2c(c1)CCCC2,True,False,265.3610799999999
CHEMBL3296644,CHEMBL3289522,254.34,CN(C)c1ccc(NC(=N)Nc2ccccc2)cc1.Cl,Ki,389.05,nM,=,,CHEMBL1867,CN(C)c1ccc(NC(=N)Nc2ccccc2)cc1,True,False,254.3375099999999
CHEMBL3296644,CHEMBL3289523,255.32,CCOc1ccc(NC(=N)Nc2ccccc2)cc1.Cl,Ki,2238.72,nM,=,,CHEMBL1867,CCOc1ccc(NC(=N)Nc2ccccc2)cc1,True,False,255.3222399999999
CHEMBL3296644,CHEMBL3289524,223.23,Cl.N=C(NCCO)Nc1ccc2c(c1)OCO2,Ki,10000.0,nM,=,,CHEMBL1867,N=C(NCCO)Nc1ccc2c(c1)OCO2,True,False,223.23341000000002
CHEMBL3296644,CHEMBL3289525,222.29,CCNc1ccc(NC(=N)NCCO)cc1.Cl,Ki,10000.0,nM,=,,CHEMBL1867,CCNc1ccc(NC(=N)NCCO)cc1,True,False,222.29231
CHEMBL3296644,CHEMBL3289526,233.31,Cl.N=C(NCCO)Nc1ccc2c(c1)CCCC2,Ki,1737.8,nM,=,,CHEMBL1867,N=C(NCCO)Nc1ccc2c(c1)CCCC2,True,False,233.31587999999994
CHEMBL3296644,CHEMBL3289527,222.29,CN(C)c1ccc(NC(=N)NCCO)cc1.Cl,Ki,1862.09,nM,=,,CHEMBL1867,CN(C)c1ccc(NC(=N)NCCO)cc1,True,False,222.29231
CHEMBL3296644,CHEMBL3289528,223.28,CCOc1ccc(NC(=N)NCCO)cc1.Cl,Ki,10000.0,nM,=,,CHEMBL1867,CCOc1ccc(NC(=N)NCCO)cc1,True,False,223.27704
CHEMBL3296644,CHEMBL3289529,259.26,Cl.N=C(NCc1ccco1)Nc1ccc2c(c1)OCO2,Ki,1513.56,nM,=,,CHEMBL1867,N=C(NCc1ccco1)Nc1ccc2c(c1)OCO2,True,False,259.26685999999995
CHEMBL3296644,CHEMBL3289530,258.32,CCNc1ccc(/N=C(/N)NCc2ccco2)cc1.Cl,Ki,1071.52,nM,=,,CHEMBL1867,CCNc1ccc(/N=C(/N)NCc2ccco2)cc1,True,False,258.32575999999995
CHEMBL3296644,CHEMBL3289531,269.35,Cl.N=C(NCc1ccco1)Nc1ccc2c(c1)CCCC2,Ki,512.86,nM,=,,CHEMBL1867,N=C(NCc1ccco1)Nc1ccc2c(c1)CCCC2,True,False,269.3493299999999
CHEMBL3296644,CHEMBL3289532,258.32,CN(C)c1ccc(/N=C(/N)NCc2ccco2)cc1.Cl,Ki,213.8,nM,=,,CHEMBL1867,CN(C)c1ccc(/N=C(/N)NCc2ccco2)cc1,True,False,258.32575999999995
CHEMBL3296644,CHEMBL3289533,259.31,CCOc1ccc(/N=C(/N)NCc2ccco2)cc1.Cl,Ki,1479.11,nM,=,,CHEMBL1867,CCOc1ccc(/N=C(/N)NCc2ccco2)cc1,True,False,259.31048999999996
CHEMBL3296644,CHEMBL3289534,255.28,Cl.N=C(Nc1ccccc1)Nc1ccc2c(c1)OCO2,Ki,4365.16,nM,=,,CHEMBL1867,N=C(Nc1ccccc1)Nc1ccc2c(c1)OCO2,True,False,255.27861
CHEMBL3296644,CHEMBL3289535,221.3,CCCNC(=N)Nc1ccc(OCC)cc1.Cl,Ki,4265.8,nM,=,,CHEMBL1867,CCCNC(=N)Nc1ccc(OCC)cc1,True,False,221.30473
CHEMBL3296644,CHEMBL3289536,220.32,CCCNC(=N)Nc1ccc(N(C)C)cc1.Cl,Ki,1122.02,nM,=,,CHEMBL1867,CCCNC(=N)Nc1ccc(N(C)C)cc1,True,False,220.32
CHEMBL3296644,CHEMBL3289537,231.34,CCCNC(=N)Nc1ccc2c(c1)CCCC2.Cl,Ki,676.08,nM,=,,CHEMBL1867,CCCNC(=N)Nc1ccc2c(c1)CCCC2,True,False,231.34356999999994
CHEMBL3296644,CHEMBL3289538,220.32,CCCNC(=N)Nc1ccc(NCC)cc1.Cl,Ki,8317.64,nM,=,,CHEMBL1867,CCCNC(=N)Nc1ccc(NCC)cc1,True,False,220.32
CHEMBL3296644,CHEMBL3289539,221.26,CCCNC(=N)Nc1ccc2c(c1)OCO2.Cl,Ki,10000.0,nM,=,,CHEMBL1867,CCCNC(=N)Nc1ccc2c(c1)OCO2,True,False,221.26110000000003
CHEMBL3296644,CHEMBL3289540,179.22,CCOc1ccc(NC(=N)N)cc1.Cl,Ki,141.25,nM,=,,CHEMBL1867,CCOc1ccc(NC(=N)N)cc1,True,False,179.22346
CHEMBL3296644,CHEMBL3289551,205.26,CCOc1ccc(N=C2NCCN2)cc1.Cl,Ki,79.43,nM,=,,CHEMBL1867,CCOc1ccc(N=C2NCCN2)cc1,True,False,205.26170000000002
CHEMBL3373283,CHEMBL3104093,288.39,CN1CCc2c(c3cccc4c3n2CCc2ccccc2-4)C1,Ki,407.0,nM,=,,CHEMBL1867,CN1CCc2c(c3cccc4c3n2CCc2ccccc2-4)C1,True,False,288.3957999999999
CHEMBL3378316,CHEMBL1186220,201.23,c1ccc2c(c1)cnn2N=C1NCCN1,Ki,52.0,nM,=,,CHEMBL1867,c1ccc2c(c1)cnn2N=C1NCCN1,True,False,201.23266999999996
CHEMBL3378316,CHEMBL3343699,219.22,Fc1ccc2cnn(N=C3NCCN3)c2c1,Ki,33.0,nM,=,,CHEMBL1867,Fc1ccc2cnn(N=C3NCCN3)c2c1,True,False,219.2231
CHEMBL3378316,CHEMBL3343700,219.22,Fc1cccc2cnn(N=C3NCCN3)c12,Ki,65.0,nM,=,,CHEMBL1867,Fc1cccc2cnn(N=C3NCCN3)c12,True,False,219.2231
CHEMBL3736691,CHEMBL3735756,447.58,COc1ccc(CCN(CCCc2ccccc2)CCc2ccc3c(c2)OCO3)cc1OC,Ki,102.0,nM,=,,CHEMBL1867,COc1ccc(CCN(CCCc2ccccc2)CCc2ccc3c(c2)OCO3)cc1OC,True,False,447.5795099999997
CHEMBL3756288,CHEMBL2391541,270.38,C=CCN(CC=C)CCc1c[nH]c2ccc(OC)cc12,Ki,213.8,nM,=,,CHEMBL1867,C=CCN(CC=C)CCc1c[nH]c2ccc(OC)cc12,True,False,270.37769
CHEMBL3756288,CHEMBL2391541,270.38,C=CCN(CC=C)CCc1c[nH]c2ccc(OC)cc12,Ki,213.8,nM,=,,CHEMBL1867,C=CCN(CC=C)CCc1c[nH]c2ccc(OC)cc12,True,False,270.37769
CHEMBL3756288,CHEMBL3752576,240.35,C=CCN(CC=C)CCc1c[nH]c2ccccc12,Ki,123.03,nM,=,,CHEMBL1867,C=CCN(CC=C)CCc1c[nH]c2ccccc12,True,False,240.35119999999995
CHEMBL3756288,CHEMBL3752576,240.35,C=CCN(CC=C)CCc1c[nH]c2ccccc12,Ki,123.03,nM,=,,CHEMBL1867,C=CCN(CC=C)CCc1c[nH]c2ccccc12,True,False,240.35119999999995
CHEMBL3756288,CHEMBL3752900,274.8,C=CCN(CC=C)CCc1c[nH]c2ccc(Cl)cc12,Ki,81.28,nM,=,,CHEMBL1867,C=CCN(CC=C)CCc1c[nH]c2ccc(Cl)cc12,True,False,274.79623
CHEMBL3756288,CHEMBL3752900,274.8,C=CCN(CC=C)CCc1c[nH]c2ccc(Cl)cc12,Ki,81.28,nM,=,,CHEMBL1867,C=CCN(CC=C)CCc1c[nH]c2ccc(Cl)cc12,True,False,274.79623
CHEMBL3756288,CHEMBL3753318,254.38,C=CCN(CC=C)CCc1c[nH]c2ccc(C)cc12,Ki,194.98,nM,=,,CHEMBL1867,C=CCN(CC=C)CCc1c[nH]c2ccc(C)cc12,True,False,254.37828999999994
CHEMBL3756288,CHEMBL3753318,254.38,C=CCN(CC=C)CCc1c[nH]c2ccc(C)cc12,Ki,194.98,nM,=,,CHEMBL1867,C=CCN(CC=C)CCc1c[nH]c2ccc(C)cc12,True,False,254.37828999999994
CHEMBL3756288,CHEMBL3754166,319.25,C=CCN(CC=C)CCc1c[nH]c2ccc(Br)cc12,Ki,83.18,nM,=,,CHEMBL1867,C=CCN(CC=C)CCc1c[nH]c2ccc(Br)cc12,True,False,319.25222999999994
CHEMBL3756288,CHEMBL3754166,319.25,C=CCN(CC=C)CCc1c[nH]c2ccc(Br)cc12,Ki,83.18,nM,=,,CHEMBL1867,C=CCN(CC=C)CCc1c[nH]c2ccc(Br)cc12,True,False,319.25222999999994
CHEMBL3756288,CHEMBL3754496,258.34,C=CCN(CC=C)CCc1c[nH]c2ccc(F)cc12,Ki,117.49,nM,=,,CHEMBL1867,C=CCN(CC=C)CCc1c[nH]c2ccc(F)cc12,True,False,258.34162999999995
CHEMBL3756288,CHEMBL3754496,258.34,C=CCN(CC=C)CCc1c[nH]c2ccc(F)cc12,Ki,117.49,nM,=,,CHEMBL1867,C=CCN(CC=C)CCc1c[nH]c2ccc(F)cc12,True,False,258.34162999999995
CHEMBL3815853,CHEMBL134,230.1,Clc1cccc(Cl)c1N=C1NCCN1,Ki,28.0,nM,=,,CHEMBL1867,Clc1cccc(Cl)c1N=C1NCCN1,True,False,230.09817999999999
CHEMBL3815853,CHEMBL289480,180.25,C1COC(NC(C2CC2)C2CC2)=N1,Ki,300.0,nM,=,,CHEMBL1867,C1COC(NC(C2CC2)C2CC2)=N1,True,False,180.25181999999998
CHEMBL3815853,CHEMBL353972,212.3,CCC1(c2cnc[nH]2)Cc2ccccc2C1,Ki,1.2,nM,=,,CHEMBL1867,CCC1(c2cnc[nH]2)Cc2ccccc2C1,True,False,212.29701999999992
CHEMBL3815853,CHEMBL3813724,284.4,CCCCCNc1cc(C)n(Cc2ccccc2)c(=O)c1,Ki,10000.0,nM,=,,CHEMBL1867,CCCCCNc1cc(C)n(Cc2ccccc2)c(=O)c1,True,False,284.40477999999996
CHEMBL3815853,CHEMBL3814220,284.4,CCCCCn1c(C)cc(NCc2ccccc2)cc1=O,Ki,10000.0,nM,=,,CHEMBL1867,CCCCCn1c(C)cc(NCc2ccccc2)cc1=O,True,False,284.4047799999999
CHEMBL3815853,CHEMBL3814259,318.85,Cc1cc(NCc2ccc(Cl)cc2)cc(=O)n1CCC(C)C,Ki,10000.0,nM,=,,CHEMBL1867,Cc1cc(NCc2ccc(Cl)cc2)cc(=O)n1CCC(C)C,True,False,318.84980999999993
CHEMBL3815853,CHEMBL3814276,284.4,Cc1cc(NCc2ccccc2)cc(=O)n1CCC(C)C,Ki,10000.0,nM,=,,CHEMBL1867,Cc1cc(NCc2ccccc2)cc(=O)n1CCC(C)C,True,False,284.4047799999999
CHEMBL3815853,CHEMBL3814521,318.85,CCCCCn1c(C)cc(NCc2ccc(Cl)cc2)cc1=O,Ki,10000.0,nM,=,,CHEMBL1867,CCCCCn1c(C)cc(NCc2ccc(Cl)cc2)cc1=O,True,False,318.84980999999993
CHEMBL3815853,CHEMBL3814535,338.37,Cc1cc(NCc2ccc(C(F)(F)F)cc2)cc(=O)n1CC(C)C,Ki,10000.0,nM,=,,CHEMBL1867,Cc1cc(NCc2ccc(C(F)(F)F)cc2)cc(=O)n1CC(C)C,True,False,338.3760699999999
CHEMBL3815853,CHEMBL3814593,264.41,CCCCCNc1cc(C)n(CCCCC)c(=O)c1,Ki,10000.0,nM,=,,CHEMBL1867,CCCCCNc1cc(C)n(CCCCC)c(=O)c1,True,False,264.41436
CHEMBL3815853,CHEMBL3814626,264.41,Cc1cc(NCCC(C)C)cc(=O)n1CCC(C)C,Ki,10000.0,nM,=,,CHEMBL1867,Cc1cc(NCCC(C)C)cc(=O)n1CCC(C)C,True,False,264.41435999999993
CHEMBL3815853,CHEMBL3815157,284.4,Cc1cc(NCCC(C)C)cc(=O)n1Cc1ccccc1,Ki,10000.0,nM,=,,CHEMBL1867,Cc1cc(NCCC(C)C)cc(=O)n1Cc1ccccc1,True,False,284.4047799999999
CHEMBL3815853,CHEMBL679,183.21,CNC[C@H](O)c1ccc(O)c(O)c1,Ki,160.0,nM,=,,CHEMBL1867,CNC[C@H](O)c1ccc(O)c(O)c1,True,False,183.20886000000002
CHEMBL3815853,CHEMBL778,200.28,Cc1cccc([C@H](C)c2c[nH]cn2)c1C,Ki,2.5,nM,=,,CHEMBL1867,Cc1cccc([C@H](C)c2c[nH]cn2)c1C,True,False,200.28587
CHEMBL3869815,CHEMBL3897499,416.53,CCCN1CC[C@H]2c3cc4ccc(C(F)(F)F)cc4nc3[C@H](CC)[C@H]3CCC[C@@H]1[C@@H]32,Ki,1586.0,nM,=,,CHEMBL1867,CCCN1CC[C@H]2c3cc4ccc(C(F)(F)F)cc4nc3[C@H](CC)[C@H]3CCC[C@@H]1[C@@H]32,True,False,416.53441999999984
CHEMBL3869815,CHEMBL3936289,297.44,CN1CC[C@H]2CC(=O)[C@H](Cc3ccccc3)[C@H]3CCC[C@@H]1[C@H]23,Ki,10000.0,nM,=,,CHEMBL1867,CN1CC[C@H]2CC(=O)[C@H](Cc3ccccc3)[C@H]3CCC[C@@H]1[C@H]23,True,False,297.44428999999985
CHEMBL4009062,CHEMBL4082473,478.41,COc1ccc2c(c1)c(CN1CCN(C)CC1)cn2S(=O)(=O)c1ccccc1Br.CS(=O)(=O)O.O,Ki,2570.0,nM,=,,CHEMBL1867,COc1ccc2c(c1)c(CN1CCN(C)CC1)cn2S(=O)(=O)c1ccccc1Br,True,False,478.41672999999986
CHEMBL4011363,CHEMBL4086593,476.95,CCCNc1nc(C#Cc2ccc(Cl)s2)nc2c1ncn2[C@@H]1O[C@H](C(=O)NC)[C@@H](O)[C@H]1O,Ki,5000.0,nM,=,,CHEMBL1867,CCCNc1nc(C#Cc2ccc(Cl)s2)nc2c1ncn2[C@@H]1O[C@H](C(=O)NC)[C@@H](O)[C@H]1O,True,False,476.9451699999999
CHEMBL4011363,CHEMBL4090355,448.89,CNC(=O)[C@H]1O[C@@H](n2cnc3c(NC)nc(C#Cc4ccc(Cl)s4)nc32)[C@H](O)[C@@H]1O,Ki,5000.0,nM,=,,CHEMBL1867,CNC(=O)[C@H]1O[C@@H](n2cnc3c(NC)nc(C#Cc4ccc(Cl)s4)nc32)[C@H](O)[C@@H]1O,True,False,448.8909899999999
CHEMBL4017843,CHEMBL4061793,430.96,O=S(=O)(Nc1nccs1)c1cc(Cl)c(NCC23CCCN2CCC3)cc1F,IC50,8000.0,nM,=,,CHEMBL1867,O=S(=O)(Nc1nccs1)c1cc(Cl)c(NCC23CCCN2CCC3)cc1F,True,False,430.9539499999999
CHEMBL4039173,CHEMBL146556,350.46,c1ccc2c(c1)CC(CN1CCN(c3ccc4c(c3)OCCO4)CC1)C2,Ki,249.0,nM,=,,CHEMBL1867,c1ccc2c(c1)CC(CN1CCN(c3ccc4c(c3)OCCO4)CC1)C2,True,False,350.4647199999999
CHEMBL4039173,CHEMBL267014,326.83,Clc1ccc(N2CCN(Cc3c[nH]c4ncccc34)CC2)cc1,Ki,170.0,nM,=,,CHEMBL1867,Clc1ccc(N2CCN(Cc3c[nH]c4ncccc34)CC2)cc1,True,False,326.8319299999999
CHEMBL4039173,CHEMBL346389,357.84,O=C1COc2cc(CN3CCN(c4ccc(Cl)cc4)CC3)ccc2N1,Ki,411.0,nM,=,,CHEMBL1867,O=C1COc2cc(CN3CCN(c4ccc(Cl)cc4)CC3)ccc2N1,True,False,357.8431499999999
CHEMBL4051519,CHEMBL4070789,431.61,CCCC[S@@+]([O-])c1sc2nc(-c3nccs3)cc(-c3cnc(C)n3C)c2c1N,IC50,900.0,nM,=,,CHEMBL1867,CCCC[S@@+]([O-])c1sc2nc(-c3nccs3)cc(-c3cnc(C)n3C)c2c1N,True,False,431.60411999999997
CHEMBL4149806,CHEMBL3091687,364.54,NCCCCN(C[C@H]1Cc2ccccc2CN1)[C@H]1CCCc2cccnc21,IC50,3700.0,nM,=,,CHEMBL1867,NCCCCN(C[C@H]1Cc2ccccc2CN1)[C@H]1CCCc2cccnc21,True,False,364.5382899999999
CHEMBL4149806,CHEMBL4167058,419.62,c1ccc2c(c1)CN[C@@H](CN(CCCN1CCNCC1)[C@H]1CCCc3cccnc31)C2,IC50,10000.0,nM,=,,CHEMBL1867,c1ccc2c(c1)CN[C@@H](CN(CCCN1CCNCC1)[C@H]1CCCc3cccnc31)C2,True,False,419.6182899999999
CHEMBL4149806,CHEMBL4174290,404.6,c1ccc2c(c1)CN[C@@H](CN(CC[C@H]1CCCNC1)[C@H]1CCCc3cccnc31)C2,IC50,5900.0,nM,=,,CHEMBL1867,c1ccc2c(c1)CN[C@@H](CN(CC[C@H]1CCCNC1)[C@H]1CCCc3cccnc31)C2,True,False,404.60361999999986
CHEMBL4153397,CHEMBL4161503,294.4,c1ccc(CN2Cc3ccc(N4CCOCC4)cc3C2)cc1,Ki,2089.0,nM,=,,CHEMBL1867,c1ccc(CN2Cc3ccc(N4CCOCC4)cc3C2)cc1,True,False,294.39998999999995
CHEMBL4153397,CHEMBL4163428,351.45,CN1CCN(c2ccc3c(c2)CN(C(=O)OCc2ccccc2)C3)CC1,Ki,487.0,nM,=,,CHEMBL1867,CN1CCN(c2ccc3c(c2)CN(C(=O)OCc2ccccc2)C3)CC1,True,False,351.4522999999999
CHEMBL4153397,CHEMBL4165863,419.57,O=C(OCc1ccccc1)N1CCc2ccc(N3CCN(C4CCCC4)CC3)cc2C1,Ki,506.0,nM,=,,CHEMBL1867,O=C(OCc1ccccc1)N1CCc2ccc(N3CCN(C4CCCC4)CC3)cc2C1,True,False,419.57180999999986
CHEMBL4153397,CHEMBL4167315,315.42,COc1cccc(-c2ccc3c(c2)CN(Cc2ccccc2)C3)c1,Ki,1685.0,nM,=,,CHEMBL1867,COc1cccc(-c2ccc3c(c2)CN(Cc2ccccc2)C3)c1,True,False,315.4187699999999
CHEMBL4153397,CHEMBL4169752,308.42,c1ccc(CN2CCc3cc(N4CCOCC4)ccc3C2)cc1,Ki,321.0,nM,=,,CHEMBL1867,c1ccc(CN2CCc3cc(N4CCOCC4)ccc3C2)cc1,True,False,308.42707999999993
CHEMBL4153397,CHEMBL4173095,405.54,C=C(C)CN1CCN(c2ccc3c(c2)CN(C(=O)OCc2ccccc2)CC3)CC1,Ki,876.0,nM,=,,CHEMBL1867,C=C(C)CN1CCN(c2ccc3c(c2)CN(C(=O)OCc2ccccc2)CC3)CC1,True,False,405.54471999999987
CHEMBL4258838,CHEMBL4285281,297.35,COc1cc2c3c(c1OC)-c1ccccc1[C@@H](O)[C@@H]3NCC2,Ki,1147.0,nM,=,,CHEMBL1867,COc1cc2c3c(c1OC)-c1ccccc1[C@@H](O)[C@@H]3NCC2,True,False,297.35702999999995
CHEMBL4303095,CHEMBL1626,343.9,CN1CCC[C@@H]1CCO[C@](C)(c1ccccc1)c1ccc(Cl)cc1,Ki,169.82,nM,=,,CHEMBL1867,CN1CCC[C@@H]1CCO[C@](C)(c1ccccc1)c1ccc(Cl)cc1,True,False,343.9004699999998
CHEMBL4303095,CHEMBL4088272,282.39,CCCN1CCC=C(c2cc(-c3ccc(C)cc3)no2)C1,Ki,8317.64,nM,=,,CHEMBL1867,CCCN1CCC=C(c2cc(-c3ccc(C)cc3)no2)C1,True,False,282.3888399999999
CHEMBL4308618,CHEMBL4472703,219.33,CC[C@H]1c2cc(OC)ccc2CC[C@@]1(C)N,Ki,6309.57,nM,=,,CHEMBL1867,CC[C@H]1c2cc(OC)ccc2CC[C@@]1(C)N,True,False,219.32956999999996
CHEMBL4308618,CHEMBL4572167,266.39,CC[C@H]1c2ccccc2N(c2ccccc2)C[C@@]1(C)N,Ki,398.11,nM,=,,CHEMBL1867,CC[C@H]1c2ccccc2N(c2ccccc2)C[C@@]1(C)N,True,False,266.38943999999987
CHEMBL4323488,CHEMBL4442460,473.62,COc1ccccc1N1CCN(CCCNC(=O)NN(Cc2ccccc2)c2ccccc2)CC1,Ki,400.0,nM,=,,CHEMBL1867,COc1ccccc1N1CCN(CCCNC(=O)NN(Cc2ccccc2)c2ccccc2)CC1,True,False,473.6234499999998
CHEMBL4323488,CHEMBL4544086,491.61,COc1ccccc1N1CCN(CCCNC(=O)NN(Cc2ccc(F)cc2)c2ccccc2)CC1,Ki,860.0,nM,=,,CHEMBL1867,COc1ccccc1N1CCN(CCCNC(=O)NN(Cc2ccc(F)cc2)c2ccccc2)CC1,True,False,491.6138799999998
CHEMBL4358950,CHEMBL151697,184.2,c1ccc2oc(-c3ncc[nH]3)cc2c1,Ki,6760.83,nM,=,,CHEMBL1867,c1ccc2oc(-c3ncc[nH]3)cc2c1,True,False,184.19921
CHEMBL4358950,CHEMBL2179398,272.31,c1ccc(-c2ncc3cc(-n4ccnc4)ccc3n2)cc1,Ki,10000.0,nM,=,,CHEMBL1867,c1ccc(-c2ncc3cc(-n4ccnc4)ccc3n2)cc1,True,False,272.31199
CHEMBL4358950,CHEMBL275970,172.23,C(=C/c1ccccc1)\C1=NCCN1,Ki,10000.0,nM,=,,CHEMBL1867,C(=C/c1ccccc1)\C1=NCCN1,True,False,172.23169
CHEMBL4358950,CHEMBL404505,186.21,c1ccc2oc(C3=NCCN3)cc2c1,Ki,229.09,nM,=,,CHEMBL1867,c1ccc2oc(C3=NCCN3)cc2c1,True,False,186.21515
CHEMBL4358950,CHEMBL41103,199.26,Cn1c(C2=NCCN2)cc2ccccc21,Ki,10000.0,nM,=,,CHEMBL1867,Cn1c(C2=NCCN2)cc2ccccc21,True,False,199.25750999999997
CHEMBL4369998,CHEMBL4471712,403.91,O[C@@H]1[C@H](O)[C@@H]2C[C@@H]2[C@H]1n1cnc2c(NC(C3CCC3)C3CCC3)nc(Cl)nc21,Ki,6960.0,nM,=,,CHEMBL1867,O[C@@H]1[C@H](O)[C@@H]2C[C@@H]2[C@H]1n1cnc2c(NC(C3CCC3)C3CCC3)nc(Cl)nc21,True,False,403.91551999999996
CHEMBL4369998,CHEMBL4554295,417.94,O[C@H]1[C@H](n2cnc3c(NC(C4CCC4)C4CCC4)ncnc32)[C@H]2C[C@@]2(CCl)[C@H]1O,Ki,6800.0,nM,=,,CHEMBL1867,O[C@H]1[C@H](n2cnc3c(NC(C4CCC4)C4CCC4)ncnc32)[C@H]2C[C@@]2(CCl)[C@H]1O,True,False,417.94260999999983
CHEMBL4380088,CHEMBL15245,354.45,COC(=O)[C@H]1[C@@H](O)CC[C@H]2CN3CCc4c([nH]c5ccccc45)[C@@H]3C[C@@H]21,Ki,3.13,nM,=,,CHEMBL1867,COC(=O)[C@H]1[C@@H](O)CC[C@H]2CN3CCc4c([nH]c5ccccc45)[C@@H]3C[C@@H]21,True,False,354.4529699999999
CHEMBL4380088,CHEMBL299031,398.5,CC[C@@H]1CN2CCc3c([nH]c4cccc(OC)c34)[C@@H]2C[C@@H]1/C(=C\OC)C(=O)OC,Ki,4720.0,nM,=,,CHEMBL1867,CC[C@@H]1CN2CCc3c([nH]c4cccc(OC)c34)[C@@H]2C[C@@H]1/C(=C\OC)C(=O)OC,True,False,398.50654999999983
CHEMBL4392148,CHEMBL4277264,356.39,Cc1cc(Oc2nccc3occc23)ccc1-c1c(C)ncc2nccn12,Ki,3400.0,nM,=,,CHEMBL1867,Cc1cc(Oc2nccc3occc23)ccc1-c1c(C)ncc2nccn12,True,False,356.3872699999999
CHEMBL4392148,CHEMBL4466483,411.41,FC(F)(F)c1cc(Oc2nccc3ccsc23)ccc1-c1cccc2nccn12,Ki,2600.0,nM,=,,CHEMBL1867,FC(F)(F)c1cc(Oc2nccc3ccsc23)ccc1-c1cccc2nccn12,True,False,411.40848999999986
CHEMBL4392148,CHEMBL4469848,395.34,FC(F)(F)c1cc(Oc2nccc3occc23)ccc1-c1cccc2nccn12,Ki,5100.0,nM,=,,CHEMBL1867,FC(F)(F)c1cc(Oc2nccc3occc23)ccc1-c1cccc2nccn12,True,False,395.3438899999999
CHEMBL4392148,CHEMBL4572614,410.36,Cc1ncc2nccn2c1-c1ccc(Oc2nccc3occc23)cc1C(F)(F)F,Ki,6800.0,nM,=,,CHEMBL1867,Cc1ncc2nccn2c1-c1ccc(Oc2nccc3occc23)cc1C(F)(F)F,True,False,410.3585599999999
CHEMBL4397405,CHEMBL4083252,423.59,COc1ccccc1N1CCN(CCCSc2nnc(-c3ccccc3)n2C)CC1,Ki,221.0,nM,=,,CHEMBL1867,COc1ccccc1N1CCN(CCCSc2nnc(-c3ccccc3)n2C)CC1,True,False,423.58447999999987
CHEMBL4406614,CHEMBL2203406,478.66,CCCN(CC[C@]1(O)C[C@H](NC(=O)c2ccc3ccccc3c2)C1)[C@H]1CCc2nc(N)sc2C1,Ki,10000.0,nM,=,Not Active,CHEMBL1867,CCCN(CC[C@]1(O)C[C@H](NC(=O)c2ccc3ccccc3c2)C1)[C@H]1CCc2nc(N)sc2C1,True,False,478.6616299999999
CHEMBL4406614,CHEMBL301265,211.33,CCCN[C@H]1CCc2nc(N)sc2C1,Ki,75.7,nM,=,,CHEMBL1867,CCCN[C@H]1CCc2nc(N)sc2C1,True,False,211.33109000000002
CHEMBL4406614,CHEMBL4476784,379.46,COc1ccc(OCCN2CCN(C(=O)c3cc4ccccc4[nH]3)CC2)cc1,Ki,10000.0,nM,=,,CHEMBL1867,COc1ccc(OCCN2CCN(C(=O)c3cc4ccccc4[nH]3)CC2)cc1,True,False,379.4628499999999
CHEMBL4423338,CHEMBL4514672,313.4,CC1=NC2(CCN(C)CC2)C(=O)N(c2c(C)cccc2C)C1=O,Ki,3364.0,nM,=,,CHEMBL1867,CC1=NC2(CCN(C)CC2)C(=O)N(c2c(C)cccc2C)C1=O,True,False,313.4029099999999
CHEMBL4426521,CHEMBL4544251,464.98,O=C(O)c1cc(-c2ccc(C3CCNCC3)cc2)cc(-n2cc(-c3ccc(Cl)s3)nn2)c1,Ki,1560.0,nM,=,,CHEMBL1867,O=C(O)c1cc(-c2ccc(C3CCNCC3)cc2)cc(-n2cc(-c3ccc(Cl)s3)nn2)c1,True,False,464.9775699999999
CHEMBL4612207,CHEMBL4642292,303.2,Cc1nccc2c1C(C)(C)Nc1cc(Br)ccc1-2,Ki,10000.0,nM,=,,CHEMBL1867,Cc1nccc2c1C(C)(C)Nc1cc(Br)ccc1-2,True,False,303.20919999999995
CHEMBL4622305,CHEMBL4633982,492.5,O=C(O)c1cc(-c2ccc(C3CCNCC3)cc2)cc(-c2cn(-c3ccc(C(F)(F)F)cc3)nn2)c1,Ki,960.0,nM,=,,CHEMBL1867,O=C(O)c1cc(-c2ccc(C3CCNCC3)cc2)cc(-c2cn(-c3ccc(C(F)(F)F)cc3)nn2)c1,True,False,492.5051599999999
CHEMBL4626207,CHEMBL4517408,419.53,COc1cc(-c2cncc(-c3ccc(N4CCNCC4)cc3)c2C)cc(OC)c1OC,IC50,2180.0,nM,=,,CHEMBL1867,COc1cc(-c2cncc(-c3ccc(N4CCNCC4)cc3)c2C)cc(OC)c1OC,True,False,419.5281799999998
CHEMBL4705741,CHEMBL4780654,460.43,O=C(NCCO)c1cccc2c1CCN2c1cc(Cc2cc(F)cc(C(F)(F)F)c2)ncn1,Ki,10000.0,nM,=,Not Active,CHEMBL1867,O=C(NCCO)c1cccc2c1CCN2c1cc(Cc2cc(F)cc(C(F)(F)F)c2)ncn1,True,False,460.4350499999999
CHEMBL4713191,CHEMBL113830,325.45,C[C@H]([C@@H](O)c1ccc(O)cc1)N1CCC(Cc2ccccc2)CC1,Ki,2300.0,nM,=,,CHEMBL1867,C[C@H]([C@@H](O)c1ccc(O)cc1)N1CCC(Cc2ccccc2)CC1,True,False,325.4548399999999
CHEMBL4713191,CHEMBL319706,325.45,C[C@@H]([C@@H](O)c1ccc(O)cc1)N1CCC(Cc2ccccc2)CC1,Ki,6100.0,nM,=,,CHEMBL1867,C[C@@H]([C@@H](O)c1ccc(O)cc1)N1CCC(Cc2ccccc2)CC1,True,False,325.4548399999999
CHEMBL4713191,CHEMBL493054,325.45,C[C@H]([C@H](O)c1ccc(O)cc1)N1CCC(Cc2ccccc2)CC1,Ki,5500.0,nM,=,,CHEMBL1867,C[C@H]([C@H](O)c1ccc(O)cc1)N1CCC(Cc2ccccc2)CC1,True,False,325.4548399999999
CHEMBL4713191,CHEMBL49623,325.45,C[C@@H]([C@H](O)c1ccc(O)cc1)N1CCC(Cc2ccccc2)CC1,Ki,1600.0,nM,=,,CHEMBL1867,C[C@@H]([C@H](O)c1ccc(O)cc1)N1CCC(Cc2ccccc2)CC1,True,False,325.4548399999999
CHEMBL4723540,CHEMBL4777306,283.42,C=C1CCN2Cc3ccc(OC)cc3[C@H]3CCCC[C@]32C1,Ki,531.0,nM,=,,CHEMBL1867,C=C1CCN2Cc3ccc(OC)cc3[C@H]3CCCC[C@]32C1,True,False,283.4171999999999
CHEMBL4729782,CHEMBL4784373,411.48,CC(=O)Nc1ccc(OCCCN2CCC(c3noc4cc(F)ccc34)CC2)cc1,Ki,16.3,nM,=,,CHEMBL1867,CC(=O)Nc1ccc(OCCCN2CCC(c3noc4cc(F)ccc34)CC2)cc1,True,False,411.4803699999998
CHEMBL4729782,CHEMBL4794963,425.5,CC(=O)Nc1ccc(OCCCCN2CCC(c3noc4cc(F)ccc34)CC2)cc1,Ki,193.0,nM,=,,CHEMBL1867,CC(=O)Nc1ccc(OCCCCN2CCC(c3noc4cc(F)ccc34)CC2)cc1,True,False,425.5074599999998
CHEMBL4729782,CHEMBL85,410.49,Cc1nc2n(c(=O)c1CCN1CCC(c3noc4cc(F)ccc34)CC1)CCCC2,Ki,28.2,nM,=,,CHEMBL1867,Cc1nc2n(c(=O)c1CCN1CCC(c3noc4cc(F)ccc34)CC1)CCCC2,True,False,410.4956399999998
CHEMBL4774289,CHEMBL4787874,418.58,C[C@@H](NC(=S)Nc1sc2c(c1C(=O)OC(C)(C)C)CCOC2)c1ccccc1,Ki,10000.0,nM,=,,CHEMBL1867,C[C@@H](NC(=S)Nc1sc2c(c1C(=O)OC(C)(C)C)CCOC2)c1ccccc1,True,False,418.5809699999998
CHEMBL643228,CHEMBL49137,227.27,Cc1c(NC2=NCCN2)ccc2nccnc12,Ki,7.244,nM,=,,CHEMBL1867,Cc1c(NC2=NCCN2)ccc2nccnc12,True,False,227.27091000000001
CHEMBL643228,CHEMBL49395,213.24,c1cnc2cc(NC3=NCCN3)ccc2n1,Ki,309.03,nM,=,,CHEMBL1867,c1cnc2cc(NC3=NCCN3)ccc2n1,True,False,213.24382
CHEMBL643228,CHEMBL70676,339.14,Ic1c(NC2=NCCN2)ccc2nccnc12,Ki,6.761,nM,=,,CHEMBL1867,Ic1c(NC2=NCCN2)ccc2nccnc12,True,False,339.14025
CHEMBL643228,CHEMBL72147,306.17,Cc1cnc2c(Br)c(NC3=NCCN3)ccc2n1,Ki,74.13,nM,=,,CHEMBL1867,Cc1cnc2c(Br)c(NC3=NCCN3)ccc2n1,True,False,306.17194
CHEMBL643228,CHEMBL72753,247.69,Clc1c(NC2=NCCN2)ccc2nccnc12,Ki,37.15,nM,=,,CHEMBL1867,Clc1c(NC2=NCCN2)ccc2nccnc12,True,False,247.68885
CHEMBL643228,CHEMBL73164,293.12,Brc1c(NC2=NCCO2)ccc2nccnc12,Ki,10000.0,nM,=,,CHEMBL1867,Brc1c(NC2=NCCO2)ccc2nccnc12,True,False,293.12958
CHEMBL643228,CHEMBL73392,309.19,Brc1c(NC2=NCCS2)ccc2nccnc12,Ki,10000.0,nM,=,,CHEMBL1867,Brc1c(NC2=NCCS2)ccc2nccnc12,True,False,309.19417999999996
CHEMBL643228,CHEMBL74283,296.17,Brc1c(NC2=NCCN2)ccc2c1NCCN2,Ki,6.457,nM,=,,CHEMBL1867,Brc1c(NC2=NCCN2)ccc2c1NCCN2,True,False,296.17672999999996
CHEMBL643228,CHEMBL74342,346.23,Brc1c(NC2=N[C@@H]3CCCC[C@@H]3N2)ccc2nccnc12,Ki,10000.0,nM,=,,CHEMBL1867,Brc1c(NC2=N[C@@H]3CCCC[C@@H]3N2)ccc2nccnc12,True,False,346.2372699999999
CHEMBL643228,CHEMBL844,292.14,Brc1c(NC2=NCCN2)ccc2nccnc12,Ki,6.761,nM,=,,CHEMBL1867,Brc1c(NC2=NCCN2)ccc2nccnc12,True,False,292.14484999999996
CHEMBL643234,CHEMBL297228,244.34,c1ccc([C@H]2CCCC[C@@H]2NC2=NCCO2)cc1,Ki,18.2,nM,=,,CHEMBL1867,c1ccc([C@H]2CCCC[C@@H]2NC2=NCCO2)cc1,True,False,244.33945
CHEMBL643234,CHEMBL297752,210.32,CCC[C@H]1CCCC[C@@H]1NC1=NCCO1,Ki,2.951,nM,=,,CHEMBL1867,CCC[C@H]1CCCC[C@@H]1NC1=NCCO1,True,False,210.32194
CHEMBL643234,CHEMBL47313,272.39,c1ccc(CC[C@H]2CCCC[C@@H]2NC2=NCCO2)cc1,Ki,1.445,nM,=,,CHEMBL1867,c1ccc(CC[C@H]2CCCC[C@@H]2NC2=NCCO2)cc1,True,False,272.39363000000003
CHEMBL643234,CHEMBL50719,258.36,c1ccc(C[C@H]2CCCC[C@@H]2NC2=NCCO2)cc1,Ki,20.89,nM,=,,CHEMBL1867,c1ccc(C[C@H]2CCCC[C@@H]2NC2=NCCO2)cc1,True,False,258.36654000000004
CHEMBL643234,CHEMBL50720,286.42,c1ccc(CCC[C@H]2CCCC[C@@H]2NC2=NCCO2)cc1,Ki,15.14,nM,=,,CHEMBL1867,c1ccc(CCC[C@H]2CCCC[C@@H]2NC2=NCCO2)cc1,True,False,286.42072
CHEMBL643238,CHEMBL133455,230.31,C[C@H](N)Cc1c[nH]c2ccc3c(c12)CCCO3,IC50,10000.0,nM,=,,CHEMBL1867,C[C@H](N)Cc1c[nH]c2ccc3c(c12)CCCO3,True,False,230.31235999999998
CHEMBL645791,CHEMBL294649,311.38,Cn1cc(C(=O)C(=O)N[C@H]2CN3CCC2CC3)c2ccccc21,Ki,7943.28,nM,=,,CHEMBL1867,Cn1cc(C(=O)C(=O)N[C@H]2CN3CCC2CC3)c2ccccc21,True,False,311.38696999999985
CHEMBL645791,CHEMBL298612,311.38,Cn1cc(C(=O)C(=O)N[C@@H]2CN3CCC2CC3)c2ccccc21,Ki,10000.0,nM,=,,CHEMBL1867,Cn1cc(C(=O)C(=O)N[C@@H]2CN3CCC2CC3)c2ccccc21,True,False,311.38696999999985
CHEMBL647726,CHEMBL134,230.1,Clc1cccc(Cl)c1N=C1NCCN1,Ki,853.0,nM,=,,CHEMBL1867,Clc1cccc(Cl)c1N=C1NCCN1,True,False,230.09817999999999
CHEMBL647726,CHEMBL284795,230.34,Cc1sc(C)c2c1CCC=C2c1c[nH]cn1,Ki,25.0,nM,=,,CHEMBL1867,Cc1sc(C)c2c1CCC=C2c1c[nH]cn1,True,False,230.33392999999998
CHEMBL647726,CHEMBL286246,202.28,C1=C(c2c[nH]cn2)c2ccsc2CC1,Ki,254.0,nM,=,,CHEMBL1867,C1=C(c2c[nH]cn2)c2ccsc2CC1,True,False,202.27974999999998
CHEMBL647726,CHEMBL30534,200.27,c1cc(-c2c[nH]cn2)c2ccsc2c1,Ki,277.0,nM,=,,CHEMBL1867,c1cc(-c2c[nH]cn2)c2ccsc2c1,True,False,200.26380999999998
CHEMBL647726,CHEMBL30955,202.28,C1=C(c2c[nH]cn2)c2sccc2CC1,Ki,224.0,nM,=,,CHEMBL1867,C1=C(c2c[nH]cn2)c2sccc2CC1,True,False,202.27974999999998
CHEMBL647728,CHEMBL114166,279.81,CC(C)=CCOc1ccc(Cl)c2c1CCN(C)CC2,Ki,114.0,nM,=,,CHEMBL1867,CC(C)=CCOc1ccc(Cl)c2c1CCN(C)CC2,True,False,279.81283999999994
CHEMBL647728,CHEMBL2,383.41,COc1cc2nc(N3CCN(C(=O)c4ccco4)CC3)nc(N)c2cc1OC,Ki,2133.0,nM,=,,CHEMBL1867,COc1cc2nc(N3CCN(C(=O)c4ccco4)CC3)nc(N)c2cc1OC,True,False,383.41031999999996
CHEMBL647962,CHEMBL134,230.1,Clc1cccc(Cl)c1N=C1NCCN1,Ki,3.8,nM,=,,CHEMBL1867,Clc1cccc(Cl)c1N=C1NCCN1,True,False,230.09817999999999
CHEMBL647962,CHEMBL1437,169.18,NC[C@H](O)c1ccc(O)c(O)c1,Ki,66.0,nM,=,,CHEMBL1867,NC[C@H](O)c1ccc(O)c(O)c1,True,False,169.18177000000003
CHEMBL647962,CHEMBL19236,241.68,COc1nc(C)nc(Cl)c1NC1=NCCN1,Ki,150.0,nM,=,,CHEMBL1867,COc1nc(C)nc(Cl)c1NC1=NCCN1,True,False,241.68188999999998
CHEMBL647963,CHEMBL15245,354.45,COC(=O)[C@H]1[C@@H](O)CC[C@H]2CN3CCc4c([nH]c5ccccc45)[C@@H]3C[C@@H]21,Ki,0.42,nM,=,,CHEMBL1867,COC(=O)[C@H]1[C@@H](O)CC[C@H]2CN3CCc4c([nH]c5ccccc45)[C@@H]3C[C@@H]21,True,False,354.4529699999999
CHEMBL647965,CHEMBL1019,290.12,Brc1c(Nc2ncc[nH]2)ccc2nccnc12,Ki,510.0,nM,=,,CHEMBL1867,Brc1c(Nc2ncc[nH]2)ccc2nccnc12,True,False,290.12890999999996
CHEMBL647965,CHEMBL1022,228.08,Clc1cccc(Cl)c1Nc1ncc[nH]1,Ki,95.0,nM,=,,CHEMBL1867,Clc1cccc(Cl)c1Nc1ncc[nH]1,True,False,228.08223999999998
CHEMBL647965,CHEMBL308570,231.25,Cc1c(Nc2ncc[nH]2)ccc2c1OCCO2,Ki,1.7,nM,=,,CHEMBL1867,Cc1c(Nc2ncc[nH]2)ccc2c1OCCO2,True,False,231.25631
CHEMBL647965,CHEMBL308863,233.27,COc1ccc(Nc2ncc[nH]2)c(C)c1OC,Ki,130.0,nM,=,,CHEMBL1867,COc1ccc(Nc2ncc[nH]2)c(C)c1OC,True,False,233.27224999999999
CHEMBL647965,CHEMBL432155,230.27,Cc1c(Nc2ncc[nH]2)ccc2c1NCCO2,Ki,6.0,nM,=,,CHEMBL1867,Cc1c(Nc2ncc[nH]2)ccc2c1NCCO2,True,False,230.27158
CHEMBL647965,CHEMBL49137,227.27,Cc1c(NC2=NCCN2)ccc2nccnc12,Ki,2.0,nM,=,,CHEMBL1867,Cc1c(NC2=NCCN2)ccc2nccnc12,True,False,227.27091000000001
CHEMBL647965,CHEMBL74449,211.23,c1c[nH]c(Nc2ccc3nccnc3c2)n1,Ki,3100.0,nM,=,,CHEMBL1867,c1c[nH]c(Nc2ccc3nccnc3c2)n1,True,False,211.22788
CHEMBL647965,CHEMBL74544,199.22,c1c[nH]c(Nc2ccc3[nH]cnc3c2)n1,Ki,76.0,nM,=,,CHEMBL1867,c1c[nH]c(Nc2ccc3[nH]cnc3c2)n1,True,False,199.21673
CHEMBL647965,CHEMBL75257,273.38,COc1c(C(C)(C)C)cc(C)c(Nc2ncc[nH]2)c1C,Ki,4.9,nM,=,,CHEMBL1867,COc1c(C(C)(C)C)cc(C)c(Nc2ncc[nH]2)c1C,True,False,273.38121
CHEMBL647965,CHEMBL75491,225.26,Cc1c(Nc2ncc[nH]2)ccc2nccnc12,Ki,31.0,nM,=,,CHEMBL1867,Cc1c(Nc2ncc[nH]2)ccc2nccnc12,True,False,225.25497000000001
CHEMBL647965,CHEMBL76457,238.09,Brc1ccccc1Nc1ncc[nH]1,Ki,210.0,nM,=,,CHEMBL1867,Brc1ccccc1Nc1ncc[nH]1,True,False,238.09321000000003
CHEMBL647965,CHEMBL77913,203.25,COc1ccc(Nc2ncc[nH]2)c(C)c1,Ki,10.0,nM,=,,CHEMBL1867,COc1ccc(Nc2ncc[nH]2)c(C)c1,True,False,203.24575999999996
CHEMBL647965,CHEMBL78190,259.35,COc1cc(C)c(Nc2ncc[nH]2)cc1C(C)(C)C,Ki,39.0,nM,=,,CHEMBL1867,COc1cc(C)c(Nc2ncc[nH]2)cc1C(C)(C)C,True,False,259.35411999999997
CHEMBL647965,CHEMBL844,292.14,Brc1c(NC2=NCCN2)ccc2nccnc12,Ki,2.7,nM,=,,CHEMBL1867,Brc1c(NC2=NCCN2)ccc2nccnc12,True,False,292.14484999999996
CHEMBL648169,CHEMBL101340,263.65,FC(F)(F)c1ccc(Cl)c(NC2=NCCN2)c1,Ki,1560.0,nM,=,,CHEMBL1867,FC(F)(F)c1ccc(Cl)c(NC2=NCCN2)c1,True,False,263.65153000000004
CHEMBL649804,CHEMBL544765,208.26,Cl.c1ccc2c(Cc3c[nH]cn3)cccc2c1,IC50,3000.0,nM,=,,CHEMBL1867,c1ccc2c(Cc3c[nH]cn3)cccc2c1,True,False,208.26513999999997
CHEMBL649804,CHEMBL75022,222.25,O=C(O)C(=O)O.O=C(c1c[nH]cn1)c1cccc2ccccc12,IC50,10000.0,nM,=,,CHEMBL1867,O=C(c1c[nH]cn1)c1cccc2ccccc12,True,False,222.2485999999999
CHEMBL649810,CHEMBL165529,240.35,C1=NC[C@]2(CC[C@@H]3Cc4ccccc4C[C@H]3C2)N1,Ki,1.259,nM,=,,CHEMBL1867,C1=NC[C@]2(CC[C@@H]3Cc4ccccc4C[C@H]3C2)N1,True,False,240.35119999999992
CHEMBL649810,CHEMBL353972,212.3,CCC1(c2cnc[nH]2)Cc2ccccc2C1,Ki,3.162,nM,=,,CHEMBL1867,CCC1(c2cnc[nH]2)Cc2ccccc2C1,True,False,212.29701999999992
CHEMBL828756,CHEMBL329566,293.41,CN(C)C[C@H]1C[C@@H]2c3ccccc3Cc3ccccc3[C@H]2O1,Ki,126.0,nM,=,,CHEMBL1867,CN(C)C[C@H]1C[C@@H]2c3ccccc3Cc3ccccc3[C@H]2O1,True,False,293.41240999999985
CHEMBL828756,CHEMBL366164,329.44,CN(C)C[C@H]1C[C@@H]2c3ccccc3Sc3ccc(F)cc3[C@H]2O1,Ki,156.0,nM,=,,CHEMBL1867,CN(C)C[C@H]1C[C@@H]2c3ccccc3Sc3ccc(F)cc3[C@H]2O1,True,False,329.4397499999999
CHEMBL828756,CHEMBL42,326.83,CN1CCN(C2=Nc3cc(Cl)ccc3Nc3ccccc32)CC1,Ki,24.0,nM,=,,CHEMBL1867,CN1CCN(C2=Nc3cc(Cl)ccc3Nc3ccccc32)CC1,True,False,326.8319299999999
CHEMBL828756,CHEMBL715,312.44,Cc1cc2c(s1)Nc1ccccc1N=C2N1CCN(C)CC1,Ki,192.0,nM,=,,CHEMBL1867,Cc1cc2c(s1)Nc1ccccc1N=C2N1CCN(C)CC1,True,False,312.43974999999995
CHEMBL828756,CHEMBL85,410.49,Cc1nc2n(c(=O)c1CCN1CCC(c3noc4cc(F)ccc34)CC1)CCCC2,Ki,10.0,nM,=,,CHEMBL1867,Cc1nc2n(c(=O)c1CCN1CCC(c3noc4cc(F)ccc34)CC1)CCCC2,True,False,410.4956399999998
CHEMBL831139,CHEMBL179878,423.95,CN(C)c1nc(N[C@H]2CC[C@@H](NC(=O)c3cccc(Cl)c3)CC2)nc2ccccc12,IC50,76.0,nM,=,,CHEMBL1867,CN(C)c1nc(N[C@H]2CC[C@@H](NC(=O)c3cccc(Cl)c3)CC2)nc2ccccc12,True,False,423.94956999999994
CHEMBL831139,CHEMBL180962,403.53,Cc1cccc(C(=O)N[C@H]2CC[C@@H](Nc3nc(N(C)C)c4ccccc4n3)CC2)c1,IC50,110.0,nM,=,,CHEMBL1867,Cc1cccc(C(=O)N[C@H]2CC[C@@H](Nc3nc(N(C)C)c4ccccc4n3)CC2)c1,True,False,403.5316299999999
CHEMBL831139,CHEMBL181099,414.51,CN(C)c1nc(N[C@H]2CC[C@@H](NC(=O)c3cccc(C#N)c3)CC2)nc2ccccc12,IC50,150.0,nM,=,,CHEMBL1867,CN(C)c1nc(N[C@H]2CC[C@@H](NC(=O)c3cccc(C#N)c3)CC2)nc2ccccc12,True,False,414.5144199999999
CHEMBL831139,CHEMBL181383,434.5,CN(C)c1nc(N[C@H]2CC[C@@H](NC(=O)c3cccc([N+](=O)[O-])c3)CC2)nc2ccccc12,IC50,97.0,nM,=,,CHEMBL1867,CN(C)c1nc(N[C@H]2CC[C@@H](NC(=O)c3cccc([N+](=O)[O-])c3)CC2)nc2ccccc12,True,False,434.5020699999999
CHEMBL831139,CHEMBL181632,457.5,CN(C)c1nc(N[C@H]2CC[C@@H](NC(=O)c3cccc(C(F)(F)F)c3)CC2)nc2ccccc12,IC50,60.0,nM,=,,CHEMBL1867,CN(C)c1nc(N[C@H]2CC[C@@H](NC(=O)c3cccc(C(F)(F)F)c3)CC2)nc2ccccc12,True,False,457.5029199999999
CHEMBL831139,CHEMBL182150,425.48,CN(C)c1nc(N[C@H]2CC[C@@H](NC(=O)c3ccc(F)c(F)c3)CC2)nc2ccccc12,IC50,260.0,nM,=,,CHEMBL1867,CN(C)c1nc(N[C@H]2CC[C@@H](NC(=O)c3ccc(F)c(F)c3)CC2)nc2ccccc12,True,False,425.4853999999999
CHEMBL831139,CHEMBL359510,468.4,CN(C)c1nc(N[C@H]2CC[C@@H](NC(=O)c3cccc(Br)c3)CC2)nc2ccccc12,IC50,63.0,nM,=,,CHEMBL1867,CN(C)c1nc(N[C@H]2CC[C@@H](NC(=O)c3cccc(Br)c3)CC2)nc2ccccc12,True,False,468.4055699999999
CHEMBL831139,CHEMBL360081,449.56,COc1cc(OC)cc(C(=O)N[C@H]2CC[C@@H](Nc3nc(N(C)C)c4ccccc4n3)CC2)c1,IC50,71.0,nM,=,,CHEMBL1867,COc1cc(OC)cc(C(=O)N[C@H]2CC[C@@H](Nc3nc(N(C)C)c4ccccc4n3)CC2)c1,True,False,449.5575199999999
CHEMBL831139,CHEMBL360159,443.47,CN(C)c1nc(N[C@H]2CC[C@@H](NC(=O)c3ccc(F)c(F)c3F)CC2)nc2ccccc12,IC50,200.0,nM,=,,CHEMBL1867,CN(C)c1nc(N[C@H]2CC[C@@H](NC(=O)c3ccc(F)c(F)c3F)CC2)nc2ccccc12,True,False,443.4758299999999
CHEMBL831139,CHEMBL361442,407.49,CN(C)c1nc(N[C@H]2CC[C@@H](NC(=O)c3ccc(F)cc3)CC2)nc2ccccc12,IC50,150.0,nM,=,,CHEMBL1867,CN(C)c1nc(N[C@H]2CC[C@@H](NC(=O)c3ccc(F)cc3)CC2)nc2ccccc12,True,False,407.4949699999999
CHEMBL831139,CHEMBL362193,407.49,CN(C)c1nc(N[C@H]2CC[C@@H](NC(=O)c3cccc(F)c3)CC2)nc2ccccc12,IC50,130.0,nM,=,,CHEMBL1867,CN(C)c1nc(N[C@H]2CC[C@@H](NC(=O)c3cccc(F)c3)CC2)nc2ccccc12,True,False,407.4949699999999
CHEMBL831139,CHEMBL362400,458.39,CN(C)c1nc(N[C@H]2CC[C@@H](NC(=O)c3ccc(Cl)c(Cl)c3)CC2)nc2ccccc12,IC50,47.0,nM,=,,CHEMBL1867,CN(C)c1nc(N[C@H]2CC[C@@H](NC(=O)c3ccc(Cl)c(Cl)c3)CC2)nc2ccccc12,True,False,458.3945999999999
CHEMBL831429,CHEMBL17645,475.62,Nc1nc(NC[C@H]2CC[C@H](CNS(=O)(=O)c3cccc4ccccc34)CC2)nc2ccccc12,IC50,97.0,nM,=,,CHEMBL1867,Nc1nc(NC[C@H]2CC[C@H](CNS(=O)(=O)c3cccc4ccccc34)CC2)nc2ccccc12,True,False,475.6173299999998
CHEMBL838833,CHEMBL2112970,402.54,CN1C[C@@H]2C(=NO[C@H]2CN2CCN(C/C=C/c3ccccc3)CC2)c2ccccc21,Ki,1.6,nM,=,,CHEMBL1867,CN1C[C@@H]2C(=NO[C@H]2CN2CCN(C/C=C/c3ccccc3)CC2)c2ccccc21,True,False,402.5440499999998
CHEMBL838835,CHEMBL175853,491.59,COCC(=O)Oc1ccc2c(c1)OC[C@@H]1C2=NO[C@H]1CN1CCN(C/C(C)=C/c2ccccc2)CC1,Ki,0.7,nM,=,,CHEMBL1867,COCC(=O)Oc1ccc2c(c1)OC[C@@H]1C2=NO[C@H]1CN1CCN(C/C(C)=C/c2ccccc2)CC1,True,False,491.5923099999998
CHEMBL838835,CHEMBL175911,487.6,C/C(=C\c1ccccc1)CN1CCN(C[C@@H]2ON=C3c4ccc(OC(=O)C5CC5)cc4OC[C@H]32)CC1,Ki,0.9,nM,=,,CHEMBL1867,C/C(=C\c1ccccc1)CN1CCN(C[C@@H]2ON=C3c4ccc(OC(=O)C5CC5)cc4OC[C@H]32)CC1,True,False,487.6040599999997
CHEMBL838835,CHEMBL176002,433.55,COc1ccc2c(c1)OC[C@@H]1C2=NO[C@H]1CN1CCN(C/C(C)=C/c2ccccc2)CC1,Ki,0.5,nM,=,,CHEMBL1867,COc1ccc2c(c1)OC[C@@H]1C2=NO[C@H]1CN1CCN(C/C(C)=C/c2ccccc2)CC1,True,False,433.55526999999984
CHEMBL838835,CHEMBL176116,461.56,CC(=O)Oc1ccc2c(c1)OC[C@@H]1C2=NO[C@H]1CN1CCN(C/C(C)=C/c2ccccc2)CC1,Ki,0.4,nM,=,,CHEMBL1867,CC(=O)Oc1ccc2c(c1)OC[C@@H]1C2=NO[C@H]1CN1CCN(C/C(C)=C/c2ccccc2)CC1,True,False,461.56581999999986
CHEMBL838835,CHEMBL176261,490.65,C/C(=C\c1ccccc1)CN1CCN(C[C@@H]2ON=C3c4ccc(OCCN(C)C)cc4OC[C@H]32)CC1,Ki,0.1,nM,=,,CHEMBL1867,C/C(=C\c1ccccc1)CN1CCN(C[C@@H]2ON=C3c4ccc(OCCN(C)C)cc4OC[C@H]32)CC1,True,False,490.65120999999976
CHEMBL838835,CHEMBL180322,473.57,C=CC(=O)Oc1ccc2c(c1)OC[C@@H]1C2=NO[C@H]1CN1CCN(C/C(C)=C/c2ccccc2)CC1,Ki,0.9,nM,=,,CHEMBL1867,C=CC(=O)Oc1ccc2c(c1)OC[C@@H]1C2=NO[C@H]1CN1CCN(C/C(C)=C/c2ccccc2)CC1,True,False,473.57696999999985
CHEMBL838835,CHEMBL180470,419.53,C/C(=C\c1ccccc1)CN1CCN(C[C@@H]2ON=C3c4ccc(O)cc4OC[C@H]32)CC1,Ki,0.2,nM,=,,CHEMBL1867,C/C(=C\c1ccccc1)CN1CCN(C[C@@H]2ON=C3c4ccc(O)cc4OC[C@H]32)CC1,True,False,419.5281799999998
CHEMBL838835,CHEMBL2112969,470.55,COc1cc2c(cc1OC)C1=NO[C@@H](CN3CCN(CCOc4ccc(F)cc4)CC3)[C@@H]1CN2,Ki,9.1,nM,=,,CHEMBL1867,COc1cc2c(cc1OC)C1=NO[C@@H](CN3CCN(CCOc4ccc(F)cc4)CC3)[C@@H]1CN2,True,False,470.54861999999986
CHEMBL838835,CHEMBL2112971,462.59,COc1cc2c(cc1OC)C1=NO[C@@H](CN3CCN(C/C=C(\C)c4ccccc4)CC3)[C@@H]1CN2,Ki,6.5,nM,=,,CHEMBL1867,COc1cc2c(cc1OC)C1=NO[C@@H](CN3CCN(C/C=C(\C)c4ccccc4)CC3)[C@@H]1CN2,True,False,462.59702999999985
CHEMBL838835,CHEMBL2112972,439.56,COc1ccc2c(c1)C=C[C@@H]1C2=NO[C@H]1CN1CCN(Cc2ccc3ccccc3c2)CC1,Ki,1.8,nM,=,,CHEMBL1867,COc1ccc2c(c1)C=C[C@@H]1C2=NO[C@H]1CN1CCN(Cc2ccc3ccccc3c2)CC1,True,False,439.56222999999983
CHEMBL838835,CHEMBL2112973,459.59,CCNC(=O)N1C[C@@H]2C(=NO[C@H]2CN2CCN(C/C=C/c3ccccc3)CC2)c2ccccc21,Ki,20.0,nM,=,,CHEMBL1867,CCNC(=O)N1C[C@@H]2C(=NO[C@H]2CN2CCN(C/C=C/c3ccccc3)CC2)c2ccccc21,True,False,459.5963599999998
CHEMBL838835,CHEMBL2112975,460.58,CCOC(=O)N1C[C@@H]2C(=NO[C@H]2CN2CCN(C/C=C/c3ccccc3)CC2)c2ccccc21,Ki,33.0,nM,=,,CHEMBL1867,CCOC(=O)N1C[C@@H]2C(=NO[C@H]2CN2CCN(C/C=C/c3ccccc3)CC2)c2ccccc21,True,False,460.5810899999998
CHEMBL838835,CHEMBL2112976,472.59,COc1cc2c(cc1OC)C1=NO[C@@H](CN3CCN(Cc4ccc5ccccc5c4)CC3)[C@@H]1CN2,Ki,74.0,nM,=,,CHEMBL1867,COc1cc2c(cc1OC)C1=NO[C@@H](CN3CCN(Cc4ccc5ccccc5c4)CC3)[C@@H]1CN2,True,False,472.59223999999983
CHEMBL838835,CHEMBL2112978,389.5,C(=C/c1ccccc1)\CN1CCN(C[C@@H]2ON=C3c4ccccc4OC[C@H]32)CC1,Ki,0.9,nM,=,,CHEMBL1867,C(=C/c1ccccc1)\CN1CCN(C[C@@H]2ON=C3c4ccccc4OC[C@H]32)CC1,True,False,389.5016899999998
CHEMBL838835,CHEMBL2112979,385.51,C1=C[C@@H]2C(=NO[C@H]2CN2CCN(C/C=C/c3ccccc3)CC2)c2ccccc21,Ki,43.0,nM,=,,CHEMBL1867,C1=C[C@@H]2C(=NO[C@H]2CN2CCN(C/C=C/c3ccccc3)CC2)c2ccccc21,True,False,385.5134399999998
CHEMBL838835,CHEMBL2112981,388.51,C(=C/c1ccccc1)\CN1CCN(C[C@@H]2ON=C3c4ccccc4NC[C@H]32)CC1,Ki,20.0,nM,=,,CHEMBL1867,C(=C/c1ccccc1)\CN1CCN(C[C@@H]2ON=C3c4ccccc4NC[C@H]32)CC1,True,False,388.51695999999987
CHEMBL838835,CHEMBL2112982,415.54,COc1ccc2c(c1)C=C[C@@H]1C2=NO[C@H]1CN1CCN(C/C=C/c2ccccc2)CC1,Ki,1.8,nM,=,,CHEMBL1867,COc1ccc2c(c1)C=C[C@@H]1C2=NO[C@H]1CN1CCN(C/C=C/c2ccccc2)CC1,True,False,415.53992999999986
CHEMBL838835,CHEMBL2112983,448.57,COc1cc2c(cc1OC)C1=NO[C@@H](CN3CCN(C/C=C/c4ccccc4)CC3)[C@@H]1CN2,Ki,7.9,nM,=,,CHEMBL1867,COc1cc2c(cc1OC)C1=NO[C@@H](CN3CCN(C/C=C/c4ccccc4)CC3)[C@@H]1CN2,True,False,448.56993999999986
CHEMBL838835,CHEMBL2112984,412.54,c1ccc2c(c1)NC[C@@H]1C2=NO[C@H]1CN1CCN(Cc2ccc3ccccc3c2)CC1,Ki,4.0,nM,=,,CHEMBL1867,c1ccc2c(c1)NC[C@@H]1C2=NO[C@H]1CN1CCN(Cc2ccc3ccccc3c2)CC1,True,False,412.53925999999984
CHEMBL838835,CHEMBL2112985,462.59,COc1cc2c(cc1OC)C1=NO[C@@H](CN3CCN(C/C(C)=C/c4ccccc4)CC3)[C@@H]1CN2,Ki,2.4,nM,=,,CHEMBL1867,COc1cc2c(cc1OC)C1=NO[C@@H](CN3CCN(C/C(C)=C/c4ccccc4)CC3)[C@@H]1CN2,True,False,462.59702999999985
CHEMBL838835,CHEMBL369378,487.64,C/C(=C\c1ccccc1)CN1CCN(C[C@@H]2ON=C3c4ccc(OC5CCCC5)cc4OC[C@H]32)CC1,Ki,1.3,nM,=,,CHEMBL1867,C/C(=C\c1ccccc1)CN1CCN(C[C@@H]2ON=C3c4ccc(OC5CCCC5)cc4OC[C@H]32)CC1,True,False,487.6476899999997
CHEMBL838835,CHEMBL426959,458.61,CC(=O)N1C[C@@H]2C(=NO[C@H]2CN2CCN(CCC/C=C/c3ccccc3)CC2)c2ccccc21,Ki,47.0,nM,=,,CHEMBL1867,CC(=O)N1C[C@@H]2C(=NO[C@H]2CN2CCN(CCC/C=C/c3ccccc3)CC2)c2ccccc21,True,False,458.60877999999974
CHEMBL838835,CHEMBL435352,477.61,COCCOc1ccc2c(c1)OC[C@@H]1C2=NO[C@H]1CN1CCN(C/C(C)=C/c2ccccc2)CC1,Ki,0.1,nM,=,,CHEMBL1867,COCCOc1ccc2c(c1)OC[C@@H]1C2=NO[C@H]1CN1CCN(C/C(C)=C/c2ccccc2)CC1,True,False,477.60884999999985
CHEMBL839549,CHEMBL15245,354.45,COC(=O)[C@H]1[C@@H](O)CC[C@H]2CN3CCc4c([nH]c5ccccc45)[C@@H]3C[C@@H]21,Ki,1.4,nM,=,,CHEMBL1867,COC(=O)[C@H]1[C@@H](O)CC[C@H]2CN3CCc4c([nH]c5ccccc45)[C@@H]3C[C@@H]21,True,False,354.4529699999999
CHEMBL839603,CHEMBL26717,212.27,NS(=O)(=O)c1ccc2c(c1)CNCC2,Ki,3400.0,nM,=,,CHEMBL1867,NS(=O)(=O)c1ccc2c(c1)CNCC2,True,False,212.27218999999997
CHEMBL839603,CHEMBL281289,178.19,O=[N+]([O-])c1ccc2c(c1)CNCC2,Ki,3200.0,nM,=,,CHEMBL1867,O=[N+]([O-])c1ccc2c(c1)CNCC2,True,False,178.19225
CHEMBL839603,CHEMBL287837,202.08,Clc1ccc2c(c1Cl)CNCC2,Ki,6520.0,nM,=,,CHEMBL1867,Clc1ccc2c(c1Cl)CNCC2,True,False,202.08478000000002
CHEMBL839642,CHEMBL268258,349.47,COc1cccc2c1CCC[C@H]2CN(C)CCc1ccc2ccoc2c1,Ki,2.5,nM,=,,CHEMBL1867,COc1cccc2c1CCC[C@H]2CN(C)CCc1ccc2ccoc2c1,True,False,349.47713999999985
CHEMBL839642,CHEMBL328114,449.55,COc1cc2c(cc1OC)C1=NO[C@@H](CN3CCN(C/C=C/c4ccccc4)CC3)[C@@H]1CO2,Ki,2.6,nM,=,,CHEMBL1867,COc1cc2c(cc1OC)C1=NO[C@@H](CN3CCN(C/C=C/c4ccccc4)CC3)[C@@H]1CO2,True,False,449.5546699999998
CHEMBL839642,CHEMBL419316,463.58,COc1cc2c(cc1OC)C1=NO[C@@H](CN3CCN(C/C=C(\C)c4ccccc4)CC3)[C@@H]1CO2,Ki,0.3,nM,=,,CHEMBL1867,COc1cc2c(cc1OC)C1=NO[C@@H](CN3CCN(C/C=C(\C)c4ccccc4)CC3)[C@@H]1CO2,True,False,463.5817599999998
CHEMBL839642,CHEMBL91157,463.58,COc1cc2c(cc1OC)C1=NO[C@@H](CN3CCN(C/C(C)=C/c4ccccc4)CC3)[C@@H]1CO2,Ki,0.3,nM,=,,CHEMBL1867,COc1cc2c(cc1OC)C1=NO[C@@H](CN3CCN(C/C(C)=C/c4ccccc4)CC3)[C@@H]1CO2,True,False,463.5817599999998
CHEMBL839642,CHEMBL92860,473.57,COc1cc2c(cc1OC)C1=NO[C@@H](CN3CCN(Cc4ccc5ccccc5c4)CC3)[C@@H]1CO2,Ki,1.3,nM,=,,CHEMBL1867,COc1cc2c(cc1OC)C1=NO[C@@H](CN3CCN(Cc4ccc5ccccc5c4)CC3)[C@@H]1CO2,True,False,473.5769699999998
CHEMBL856624,CHEMBL106525,368.48,CN1CCN(c2ccc(Nc3c4ccccc4nc4ccccc34)cc2)CC1,Ki,3200.0,nM,=,,CHEMBL1867,CN1CCN(c2ccc(Nc3c4ccccc4nc4ccccc34)cc2)CC1,True,False,368.48567999999983
CHEMBL856624,CHEMBL214661,380.47,C[C@@H]1CN(c2ccc(Nc3c(CO)cnc4ccc(F)cc34)cc2)CCN1C,Ki,980.0,nM,=,,CHEMBL1867,C[C@@H]1CN(c2ccc(Nc3c(CO)cnc4ccc(F)cc34)cc2)CCN1C,True,False,380.46914999999996
CHEMBL856624,CHEMBL216072,360.51,Cc1nc2c(C)cccc2c(Nc2ccc(N3CCCN(C)C3)cc2)c1C,Ki,10000.0,nM,=,,CHEMBL1867,Cc1nc2c(C)cccc2c(Nc2ccc(N3CCCN(C)C3)cc2)c1C,True,False,360.5064099999999
CHEMBL856624,CHEMBL216197,390.58,CCc1c(C)nc2c(C)cccc2c1Nc1ccc(NCCN(CC)CC)cc1,Ki,900.0,nM,=,,CHEMBL1867,CCc1c(C)nc2c(C)cccc2c1Nc1ccc(NCCN(CC)CC)cc1,True,False,390.5765299999999
CHEMBL856624,CHEMBL216290,408.55,Cc1nc2ccccc2c(Nc2ccc(N3CCN(C)CC3)cc2)c1-c1ccccc1,Ki,1700.0,nM,=,,CHEMBL1867,Cc1nc2ccccc2c(Nc2ccc(N3CCN(C)CC3)cc2)c1-c1ccccc1,True,False,408.55100999999985
CHEMBL856624,CHEMBL216399,332.45,Cc1cc(Nc2ccc(N3CCN(C)CC3)cc2)c2ccccc2n1,Ki,500.0,nM,=,,CHEMBL1867,Cc1cc(Nc2ccc(N3CCN(C)CC3)cc2)c2ccccc2n1,True,False,332.45222999999993
CHEMBL856624,CHEMBL216464,410.95,CN1CCN(c2ccc(Nc3c(CO)cnc4cc(Cl)ccc34)cc2)CC1(C)C,Ki,960.0,nM,=,,CHEMBL1867,CN1CCN(c2ccc(Nc3c(CO)cnc4cc(Cl)ccc34)cc2)CC1(C)C,True,False,410.9508399999999
CHEMBL856624,CHEMBL216674,388.56,Cc1ccc2c(Nc3ccc(N4CCN(C)[C@@H](C)C4)cc3)c(C)c(C)nc2c1C,Ki,850.0,nM,=,,CHEMBL1867,Cc1ccc2c(Nc3ccc(N4CCN(C)[C@@H](C)C4)cc3)c(C)c(C)nc2c1C,True,False,388.5605899999999
CHEMBL856624,CHEMBL217180,296.42,Cc1cncc(C)c1Nc1ccc(N2CCN(C)CC2)cc1,Ki,3600.0,nM,=,,CHEMBL1867,Cc1cncc(C)c1Nc1ccc(N2CCN(C)CC2)cc1,True,False,296.41877999999997
CHEMBL856624,CHEMBL217254,376.5,Cc1c(CO)nc2ccccc2c1Nc1ccc(N2CCN(C)[C@H](C)C2)cc1,Ki,1870.0,nM,=,,CHEMBL1867,Cc1c(CO)nc2ccccc2c1Nc1ccc(N2CCN(C)[C@H](C)C2)cc1,True,False,376.5058099999999
CHEMBL856624,CHEMBL217278,374.53,Cc1ccc2c(Nc3ccc(N4CCN(C)[C@@H](C)C4)cc3)c(C)c(C)nc2c1,Ki,1050.0,nM,=,,CHEMBL1867,Cc1ccc2c(Nc3ccc(N4CCN(C)[C@@H](C)C4)cc3)c(C)c(C)nc2c1,True,False,374.5334999999999
CHEMBL856624,CHEMBL217366,382.51,CCN1CCN(c2ccc(Nc3c4ccccc4nc4ccccc34)cc2)CC1,Ki,3600.0,nM,=,,CHEMBL1867,CCN1CCN(c2ccc(Nc3c4ccccc4nc4ccccc34)cc2)CC1,True,False,382.5127699999998
CHEMBL856624,CHEMBL217542,362.48,C[C@@H]1CN(c2ccc(Nc3c(CO)cnc4ccccc34)cc2)CCN1C,Ki,2200.0,nM,=,,CHEMBL1867,C[C@@H]1CN(c2ccc(Nc3c(CO)cnc4ccccc34)cc2)CCN1C,True,False,362.47871999999995
CHEMBL856624,CHEMBL217567,388.56,Cc1ccc2c(Nc3ccc(N4CCN(C)[C@H](C)C4)cc3)c(C)c(C)nc2c1C,Ki,790.0,nM,=,,CHEMBL1867,Cc1ccc2c(Nc3ccc(N4CCN(C)[C@H](C)C4)cc3)c(C)c(C)nc2c1C,True,False,388.5605899999999
CHEMBL856624,CHEMBL217665,318.42,CN1CCN(c2ccc(Nc3ccnc4ccccc34)cc2)CC1,Ki,720.0,nM,=,,CHEMBL1867,CN1CCN(c2ccc(Nc3ccnc4ccccc34)cc2)CC1,True,False,318.4251399999999
CHEMBL856624,CHEMBL218675,390.53,Cc1nc2ccccc2c(Nc2ccc(N3CCN(C)C(C)(C)C3)cc2)c1CO,Ki,1170.0,nM,=,,CHEMBL1867,Cc1nc2ccccc2c(Nc2ccc(N3CCN(C)C(C)(C)C3)cc2)c1CO,True,False,390.53289999999987
CHEMBL856624,CHEMBL218679,360.51,Cc1cnc2ccccc2c1Nc1ccc(N2CCN(C)C(C)(C)C2)cc1,Ki,895.0,nM,=,,CHEMBL1867,Cc1cnc2ccccc2c1Nc1ccc(N2CCN(C)C(C)(C)C2)cc1,True,False,360.5064099999999
CHEMBL856624,CHEMBL267464,346.48,Cc1nc2ccccc2c(Nc2ccc(N3CCN(C)CC3)cc2)c1C,Ki,2210.0,nM,=,,CHEMBL1867,Cc1nc2ccccc2c(Nc2ccc(N3CCN(C)CC3)cc2)c1C,True,False,346.4793199999999
CHEMBL856624,CHEMBL268217,376.5,CN1CCN(c2ccc(Nc3c(CO)cnc4ccccc34)cc2)CC1(C)C,Ki,1850.0,nM,=,,CHEMBL1867,CN1CCN(c2ccc(Nc3c(CO)cnc4ccccc34)cc2)CC1(C)C,True,False,376.5058099999999
CHEMBL856624,CHEMBL383978,374.53,Cc1ccc2c(Nc3ccc(N4CCN(C)[C@H](C)C4)cc3)c(C)c(C)nc2c1,Ki,910.0,nM,=,,CHEMBL1867,Cc1ccc2c(Nc3ccc(N4CCN(C)[C@H](C)C4)cc3)c(C)c(C)nc2c1,True,False,374.5334999999999
CHEMBL856624,CHEMBL384925,422.58,Cc1nc2ccccc2c(Nc2ccc(N3CCN(C)CC3)cc2)c1Cc1ccccc1,Ki,580.0,nM,=,,CHEMBL1867,Cc1nc2ccccc2c(Nc2ccc(N3CCN(C)CC3)cc2)c1Cc1ccccc1,True,False,422.57809999999984
CHEMBL856624,CHEMBL385722,348.45,C[C@@H]1CN(c2ccc(Nc3c(CO)cnc4ccccc34)cc2)CCN1,Ki,9600.0,nM,=,,CHEMBL1867,C[C@@H]1CN(c2ccc(Nc3c(CO)cnc4ccccc34)cc2)CCN1,True,False,348.45162999999997
CHEMBL856624,CHEMBL386169,388.56,CCc1c(C)nc2c(C)cccc2c1Nc1ccc(N2CCCN(C)CC2)cc1,Ki,8000.0,nM,=,,CHEMBL1867,CCc1c(C)nc2c(C)cccc2c1Nc1ccc(N2CCCN(C)CC2)cc1,True,False,388.5605899999999
CHEMBL856624,CHEMBL424917,394.49,CN1CCN(c2ccc(Nc3c(CO)cnc4ccc(F)cc34)cc2)CC1(C)C,Ki,1320.0,nM,=,,CHEMBL1867,CN1CCN(c2ccc(Nc3c(CO)cnc4ccc(F)cc34)cc2)CC1(C)C,True,False,394.4962399999999
CHEMBL856624,CHEMBL425622,374.53,Cc1nc2ccccc2c(Nc2ccc(N3CCN(C)CC3)cc2)c1C(C)C,Ki,1700.0,nM,=,,CHEMBL1867,Cc1nc2ccccc2c(Nc2ccc(N3CCN(C)CC3)cc2)c1C(C)C,True,False,374.5334999999999
CHEMBL856624,CHEMBL425803,360.51,CCc1c(C)nc2ccccc2c1Nc1ccc(N2CCN(C)CC2)cc1,Ki,1100.0,nM,=,,CHEMBL1867,CCc1c(C)nc2ccccc2c1Nc1ccc(N2CCN(C)CC2)cc1,True,False,360.5064099999999
CHEMBL856624,CHEMBL440594,360.51,Cc1nc2ccccc2c(Nc2ccc(NCCN3CCCC3)cc2)c1C,Ki,1000.0,nM,=,,CHEMBL1867,Cc1nc2ccccc2c(Nc2ccc(NCCN3CCCC3)cc2)c1C,True,False,360.5064099999999
CHEMBL861835,CHEMBL426317,373.46,COc1cccc(N2CCN(CCCCn3ncc(=O)n(C)c3=O)CC2)c1,Ki,250.0,nM,=,,CHEMBL1867,COc1cccc(N2CCN(CCCCn3ncc(=O)n(C)c3=O)CC2)c1,True,False,373.45873999999986
CHEMBL863553,CHEMBL371300,191.23,C[C@H](N)Cn1ncc2ccc(O)cc21,Ki,2270.0,nM,=,,CHEMBL1867,C[C@H](N)Cn1ncc2ccc(O)cc21,True,False,191.23461000000003
CHEMBL869447,CHEMBL199824,423.52,Cn1c(=O)cnn(CCCCN2CCN(c3cccc4ccc(O[11CH3])cc34)CC2)c1=O,Ki,1012.0,nM,=,,CHEMBL1867,Cn1c(=O)cnn(CCCCN2CCN(c3cccc4ccc(O[11CH3])cc34)CC2)c1=O,True,False,422.5081299999998
CHEMBL870476,CHEMBL212912,480.4,CN1CCN(C2=Nc3cc(Cl)ccc3N(NC(=O)c3ccccc3Cl)c3ccccc32)CC1,Ki,455.0,nM,=,,CHEMBL1867,CN1CCN(C2=Nc3cc(Cl)ccc3N(NC(=O)c3ccccc3Cl)c3ccccc32)CC1,True,False,480.4009599999998
CHEMBL870476,CHEMBL213336,474.01,Cc1cccc(C)c1C(=O)NN1c2ccc(Cl)cc2N=C(N2CCN(C)CC2)c2ccccc21,Ki,791.0,nM,=,,CHEMBL1867,Cc1cccc(C)c1C(=O)NN1c2ccc(Cl)cc2N=C(N2CCN(C)CC2)c2ccccc21,True,False,474.0101099999999
CHEMBL870476,CHEMBL213424,475.0,Cc1cccc(N)c1C(=O)NN1c2ccc(Cl)cc2N=C(N2CCN(C)CC2)c2ccccc21,Ki,456.0,nM,=,,CHEMBL1867,Cc1cccc(N)c1C(=O)NN1c2ccc(Cl)cc2N=C(N2CCN(C)CC2)c2ccccc21,True,False,474.99768999999986
CHEMBL870476,CHEMBL213834,496.01,CN1CCN(C2=Nc3cc(Cl)ccc3N(NC(=O)c3cccc4ccccc34)c3ccccc32)CC1,Ki,882.0,nM,=,,CHEMBL1867,CN1CCN(C2=Nc3cc(Cl)ccc3N(NC(=O)c3cccc4ccccc34)c3ccccc32)CC1,True,False,496.01646999999974
CHEMBL870476,CHEMBL378669,495.41,CN1CCN(C2=Nc3cc(Cl)ccc3N(NC(=O)c3c(N)cccc3Cl)c3ccccc32)CC1,Ki,327.0,nM,=,,CHEMBL1867,CN1CCN(C2=Nc3cc(Cl)ccc3N(NC(=O)c3c(N)cccc3Cl)c3ccccc32)CC1,True,False,495.41562999999985
CHEMBL883808,CHEMBL194323,297.36,COc1cccc(N(NC2=NCCO2)c2ccc(C)cc2)c1,Ki,4.16,nM,=,,CHEMBL1867,COc1cccc(N(NC2=NCCO2)c2ccc(C)cc2)c1,True,False,297.3598799999999
CHEMBL884796,CHEMBL194849,282.35,Cc1ccc(N(NC2=NCCN2)c2cccc(O)c2)cc1,Ki,23.8,nM,=,,CHEMBL1867,Cc1ccc(N(NC2=NCCN2)c2cccc(O)c2)cc1,True,False,282.3480599999999
CHEMBL884796,CHEMBL362954,296.37,COc1cccc(N(NC2=NCCN2)c2ccc(C)cc2)c1,Ki,6.3,nM,=,,CHEMBL1867,COc1cccc(N(NC2=NCCN2)c2ccc(C)cc2)c1,True,False,296.3751499999999
CHEMBL884796,CHEMBL370818,283.33,Cc1ccc(N(NC2=NCCO2)c2cccc(O)c2)cc1,Ki,4.73,nM,=,,CHEMBL1867,Cc1ccc(N(NC2=NCCO2)c2cccc(O)c2)cc1,True,False,283.33278999999993
CHEMBL884796,CHEMBL597,281.36,Cc1ccc(N(CC2=NCCN2)c2cccc(O)c2)cc1,Ki,55.9,nM,=,,CHEMBL1867,Cc1ccc(N(CC2=NCCN2)c2cccc(O)c2)cc1,True,False,281.36047999999994
CHEMBL888789,CHEMBL229429,260.27,N#Cc1cc(F)cc(C#Cc2csc(CF)n2)c1,Ki,10000.0,nM,=,,CHEMBL1867,N#Cc1cc(F)cc(C#Cc2csc(CF)n2)c1,True,False,260.26697
CHEMBL895077,CHEMBL242265,266.34,C[C@@H](Oc1ccccc1-c1ccccc1)C1=NCCN1,Ki,186.21,nM,=,,CHEMBL1867,C[C@@H](Oc1ccccc1-c1ccccc1)C1=NCCN1,True,False,266.3458099999999
CHEMBL895077,CHEMBL242693,311.34,C[C@@H](Oc1ccccc1-c1cccc([N+](=O)[O-])c1)C1=NCCN1,Ki,81.28,nM,=,,CHEMBL1867,C[C@@H](Oc1ccccc1-c1cccc([N+](=O)[O-])c1)C1=NCCN1,True,False,311.34334
CHEMBL895077,CHEMBL396013,266.34,C[C@H](Oc1ccccc1-c1ccccc1)C1=NCCN1,Ki,91.2,nM,=,,CHEMBL1867,C[C@H](Oc1ccccc1-c1ccccc1)C1=NCCN1,True,False,266.3458099999999
CHEMBL895077,CHEMBL397753,311.34,C[C@H](Oc1ccccc1-c1cccc([N+](=O)[O-])c1)C1=NCCN1,Ki,72.44,nM,=,,CHEMBL1867,C[C@H](Oc1ccccc1-c1cccc([N+](=O)[O-])c1)C1=NCCN1,True,False,311.34334
CHEMBL905522,CHEMBL318235,481.57,COc1cc2c(cc1OC)C1=NO[C@@H](CN3CCN(C/C(C)=C/c4ccc(F)cc4)CC3)[C@@H]1CO2,Ki,28.0,nM,=,,CHEMBL1867,COc1cc2c(cc1OC)C1=NO[C@@H](CN3CCN(C/C(C)=C/c4ccc(F)cc4)CC3)[C@@H]1CO2,True,False,481.5721899999998
CHEMBL905522,CHEMBL318235,481.57,COc1cc2c(cc1OC)C1=NO[C@@H](CN3CCN(C/C(C)=C/c4ccc(F)cc4)CC3)[C@@H]1CO2,Ki,3.1,nM,=,,CHEMBL1867,COc1cc2c(cc1OC)C1=NO[C@@H](CN3CCN(C/C(C)=C/c4ccc(F)cc4)CC3)[C@@H]1CO2,True,False,481.5721899999998
CHEMBL905522,CHEMBL318235,481.57,COc1cc2c(cc1OC)C1=NO[C@@H](CN3CCN(C/C(C)=C/c4ccc(F)cc4)CC3)[C@@H]1CO2,Ki,3.4,nM,=,,CHEMBL1867,COc1cc2c(cc1OC)C1=NO[C@@H](CN3CCN(C/C(C)=C/c4ccc(F)cc4)CC3)[C@@H]1CO2,True,False,481.5721899999998
CHEMBL905522,CHEMBL318235,481.57,COc1cc2c(cc1OC)C1=NO[C@@H](CN3CCN(C/C(C)=C/c4ccc(F)cc4)CC3)[C@@H]1CO2,Ki,28.0,nM,=,,CHEMBL1867,COc1cc2c(cc1OC)C1=NO[C@@H](CN3CCN(C/C(C)=C/c4ccc(F)cc4)CC3)[C@@H]1CO2,True,False,481.5721899999998
CHEMBL905522,CHEMBL318235,481.57,COc1cc2c(cc1OC)C1=NO[C@@H](CN3CCN(C/C(C)=C/c4ccc(F)cc4)CC3)[C@@H]1CO2,Ki,3.1,nM,=,,CHEMBL1867,COc1cc2c(cc1OC)C1=NO[C@@H](CN3CCN(C/C(C)=C/c4ccc(F)cc4)CC3)[C@@H]1CO2,True,False,481.5721899999998
CHEMBL905522,CHEMBL318235,481.57,COc1cc2c(cc1OC)C1=NO[C@@H](CN3CCN(C/C(C)=C/c4ccc(F)cc4)CC3)[C@@H]1CO2,Ki,3.4,nM,=,,CHEMBL1867,COc1cc2c(cc1OC)C1=NO[C@@H](CN3CCN(C/C(C)=C/c4ccc(F)cc4)CC3)[C@@H]1CO2,True,False,481.5721899999998
CHEMBL905522,CHEMBL318235,481.57,COc1cc2c(cc1OC)C1=NO[C@@H](CN3CCN(C/C(C)=C/c4ccc(F)cc4)CC3)[C@@H]1CO2,Ki,28.0,nM,=,,CHEMBL1867,COc1cc2c(cc1OC)C1=NO[C@@H](CN3CCN(C/C(C)=C/c4ccc(F)cc4)CC3)[C@@H]1CO2,True,False,481.5721899999998
CHEMBL905522,CHEMBL318235,481.57,COc1cc2c(cc1OC)C1=NO[C@@H](CN3CCN(C/C(C)=C/c4ccc(F)cc4)CC3)[C@@H]1CO2,Ki,3.1,nM,=,,CHEMBL1867,COc1cc2c(cc1OC)C1=NO[C@@H](CN3CCN(C/C(C)=C/c4ccc(F)cc4)CC3)[C@@H]1CO2,True,False,481.5721899999998
CHEMBL905522,CHEMBL318235,481.57,COc1cc2c(cc1OC)C1=NO[C@@H](CN3CCN(C/C(C)=C/c4ccc(F)cc4)CC3)[C@@H]1CO2,Ki,3.4,nM,=,,CHEMBL1867,COc1cc2c(cc1OC)C1=NO[C@@H](CN3CCN(C/C(C)=C/c4ccc(F)cc4)CC3)[C@@H]1CO2,True,False,481.5721899999998
CHEMBL961052,CHEMBL515472,405.49,COc1c(OCCF)cccc1[C@H](O)C1CCN(CCc2ccc(F)cc2)CC1,Ki,10000.0,nM,=,,CHEMBL1867,COc1c(OCCF)cccc1[C@H](O)C1CCN(CCc2ccc(F)cc2)CC1,True,False,405.4892799999999
CHEMBL961052,CHEMBL516088,403.47,COc1c(OCCF)cccc1C(=O)C1CCN(CCc2ccc(F)cc2)CC1,Ki,863.0,nM,=,,CHEMBL1867,COc1c(OCCF)cccc1C(=O)C1CCN(CCc2ccc(F)cc2)CC1,True,False,403.4733399999999
CHEMBL964030,CHEMBL470432,343.5,CCCN1CCC(COc2nc3scc(C)c3n3cccc23)CC1,IC50,891.25,nM,=,,CHEMBL1867,CCCN1CCC(COc2nc3scc(C)c3n3cccc23)CC1,True,False,343.49459999999993
CHEMBL973678,CHEMBL14638,270.33,O=C(c1ccc(OCCCc2c[nH]cn2)cc1)C1CC1,Ki,42.66,nM,=,,CHEMBL1867,O=C(c1ccc(OCCCc2c[nH]cn2)cc1)C1CC1,True,False,270.33405999999997
CHEMBL973678,CHEMBL191703,356.6,C[C@H]1[C@H]2CC[C@H]3[C@@H]4CC=C5C[C@@H](N(C)C)CC[C@]5(C)[C@H]4CC[C@]23CN1C,Ki,660.69,nM,=,,CHEMBL1867,C[C@H]1[C@H]2CC[C@H]3[C@@H]4CC=C5C[C@@H](N(C)C)CC[C@]5(C)[C@H]4CC[C@]23CN1C,True,False,356.5997999999999
CHEMBL973678,CHEMBL260374,292.45,S=C(NC1CCCCC1)N1CCC(c2cnc[nH]2)CC1,Ki,125.89,nM,=,,CHEMBL1867,S=C(NC1CCCCC1)N1CCC(c2cnc[nH]2)CC1,True,False,292.44933
CHEMBL983549,CHEMBL524153,488.59,O=C(NCCN1CCCN(C[C@H]2COc3ccccc3O2)CC1)c1cccnc1Oc1ccccc1,Ki,94.4,nM,=,,CHEMBL1867,O=C(NCCN1CCCN(C[C@H]2COc3ccccc3O2)CC1)c1cccnc1Oc1ccccc1,True,False,488.59163999999976
CHEMBL985484,CHEMBL493091,473.21,CN(C)CCCOc1ccc(CCNC(=O)c2cc(Br)c[nH]2)cc1Br,Ki,69.0,nM,=,,CHEMBL1867,CN(C)CCCOc1ccc(CCNC(=O)c2cc(Br)c[nH]2)cc1Br,True,False,473.22090999999995
CHEMBL985484,CHEMBL493091,473.21,CN(C)CCCOc1ccc(CCNC(=O)c2cc(Br)c[nH]2)cc1Br,IC50,185.0,nM,=,,CHEMBL1867,CN(C)CCCOc1ccc(CCNC(=O)c2cc(Br)c[nH]2)cc1Br,True,False,473.22090999999995
CHEMBL985484,CHEMBL493091,473.21,CN(C)CCCOc1ccc(CCNC(=O)c2cc(Br)c[nH]2)cc1Br,Ki,69.0,nM,=,,CHEMBL1867,CN(C)CCCOc1ccc(CCNC(=O)c2cc(Br)c[nH]2)cc1Br,True,False,473.22090999999995
CHEMBL985484,CHEMBL493091,473.21,CN(C)CCCOc1ccc(CCNC(=O)c2cc(Br)c[nH]2)cc1Br,IC50,185.0,nM,=,,CHEMBL1867,CN(C)CCCOc1ccc(CCNC(=O)c2cc(Br)c[nH]2)cc1Br,True,False,473.22090999999995
CHEMBL989588,CHEMBL475969,406.55,CC1=C(CCN(C)C)c2cc(S(=O)(=O)Nc3cccc4ccccc34)ccc2C1,IC50,1097.0,nM,=,,CHEMBL1867,CC1=C(CCN(C)C)c2cc(S(=O)(=O)Nc3cccc4ccccc34)ccc2C1,True,False,406.5510199999998
CHEMBL989588,CHEMBL477650,412.58,CC1=C(CCN(C)C)c2cc(NS(=O)(=O)c3csc4ccccc34)ccc2C1,IC50,700.0,nM,=,,CHEMBL1867,CC1=C(CCN(C)C)c2cc(NS(=O)(=O)c3csc4ccccc34)ccc2C1,True,False,412.57677999999987
